order_id,amount,profit,quantity,category,sub_category,payment_mode,order_date,customername,state,city,customer_name,customer_id,transaction_value,unit_price,order_year,order_month,order_quarter,order_month_year,item_id
B-25928,122,15,3,Electronics,Accessories,EMI,2018-01-01,Smriti,Bihar,Patna,Smriti,CUST-277,122,40.67,2018,1,1,2018-01,Accessories
B-25928,25,10,1,Furniture,Furnishings,UPI,2018-01-01,Smriti,Bihar,Patna,Smriti,CUST-277,25,25.0,2018,1,1,2018-01,Furnishings
B-25929,1308,536,3,Furniture,Bookcases,Credit Card,2018-01-02,Girase,Kerala,Thiruvananthapuram,Girase,CUST-099,1308,436.0,2018,1,1,2018-01,Bookcases
B-25929,216,-135,3,Furniture,Chairs,Credit Card,2018-01-02,Girase,Kerala,Thiruvananthapuram,Girase,CUST-099,216,72.0,2018,1,1,2018-01,Chairs
B-25929,154,-85,3,Furniture,Chairs,EMI,2018-01-02,Girase,Kerala,Thiruvananthapuram,Girase,CUST-099,154,51.33,2018,1,1,2018-01,Chairs
B-25930,595,119,4,Furniture,Bookcases,COD,2018-01-03,Monica,Punjab,Chandigarh,Monica,CUST-162,595,148.75,2018,1,1,2018-01,Bookcases
B-25930,151,29,5,Clothing,Hankerchief,EMI,2018-01-03,Monica,Punjab,Chandigarh,Monica,CUST-162,151,30.2,2018,1,1,2018-01,Hankerchief
B-25930,202,89,9,Clothing,T-shirt,EMI,2018-01-03,Monica,Punjab,Chandigarh,Monica,CUST-162,202,22.44,2018,1,1,2018-01,T-shirt
B-25930,58,17,2,Clothing,Hankerchief,COD,2018-01-03,Monica,Punjab,Chandigarh,Monica,CUST-162,58,29.0,2018,1,1,2018-01,Hankerchief
B-25930,40,13,3,Clothing,T-shirt,COD,2018-01-03,Monica,Punjab,Chandigarh,Monica,CUST-162,40,13.33,2018,1,1,2018-01,T-shirt
B-25930,351,-94,5,Electronics,Electronic Games,COD,2018-01-03,Monica,Punjab,Chandigarh,Monica,CUST-162,351,70.2,2018,1,1,2018-01,Electronic Games
B-25931,73,-36,3,Furniture,Chairs,UPI,2018-01-04,Sidharth,Maharashtra,Mumbai,Sidharth,CUST-276,73,24.33,2018,1,1,2018-01,Chairs
B-25932,71,-14,4,Furniture,Furnishings,COD,2018-01-04,Bhutekar,Madhya Pradesh,Indore,Bhutekar,CUST-070,71,17.75,2018,1,1,2018-01,Furnishings
B-25933,412,412,6,Clothing,Saree,COD,2018-01-04,Shikhar,Maharashtra,Mumbai,Shikhar,CUST-258,412,68.67,2018,1,1,2018-01,Saree
B-25933,207,-100,2,Clothing,Saree,UPI,2018-01-04,Shikhar,Maharashtra,Mumbai,Shikhar,CUST-258,207,103.5,2018,1,1,2018-01,Saree
B-25933,81,-44,3,Clothing,Stole,COD,2018-01-04,Shikhar,Maharashtra,Mumbai,Shikhar,CUST-258,81,27.0,2018,1,1,2018-01,Stole
B-25934,105,33,6,Clothing,Saree,EMI,2018-01-04,Rahul,Madhya Pradesh,Indore,Rahul,CUST-219,105,17.5,2018,1,1,2018-01,Saree
B-25935,1657,460,4,Furniture,Chairs,Credit Card,2018-01-04,Sudhir,Nagaland,Kohima,Sudhir,CUST-292,1657,414.25,2018,1,1,2018-01,Chairs
B-25935,162,20,3,Furniture,Chairs,EMI,2018-01-04,Sudhir,Nagaland,Kohima,Sudhir,CUST-292,162,54.0,2018,1,1,2018-01,Chairs
B-25935,150,32,3,Clothing,Hankerchief,COD,2018-01-04,Sudhir,Nagaland,Kohima,Sudhir,CUST-292,150,50.0,2018,1,1,2018-01,Hankerchief
B-25936,61,25,4,Clothing,Saree,UPI,2018-01-05,Nikhil,Punjab,Chandigarh,Nikhil,CUST-179,61,15.25,2018,1,1,2018-01,Saree
B-25937,1101,352,3,Furniture,Bookcases,UPI,2018-01-05,Ankit,Haryana,Chandigarh,Ankit,CUST-034,1101,367.0,2018,1,1,2018-01,Bookcases
B-25938,61,1,2,Furniture,Furnishings,COD,2018-01-05,Shikhar,Himachal Pradesh,Simla,Shikhar,CUST-258,61,30.5,2018,1,1,2018-01,Furnishings
B-25938,59,25,3,Clothing,Stole,COD,2018-01-05,Shikhar,Himachal Pradesh,Simla,Shikhar,CUST-258,59,19.67,2018,1,1,2018-01,Stole
B-25939,136,41,3,Electronics,Accessories,UPI,2018-01-05,Vineet,Sikkim,Gangtok,Vineet,CUST-326,136,45.33,2018,1,1,2018-01,Accessories
B-25939,61,18,2,Electronics,Accessories,COD,2018-01-05,Vineet,Sikkim,Gangtok,Vineet,CUST-326,61,30.5,2018,1,1,2018-01,Accessories
B-25939,469,33,4,Electronics,Electronic Games,Debit Card,2018-01-05,Vineet,Sikkim,Gangtok,Vineet,CUST-326,469,117.25,2018,1,1,2018-01,Electronic Games
B-25940,13,3,2,Clothing,Hankerchief,COD,2018-01-06,Vivek,Goa,Goa,Vivek,CUST-330,13,6.5,2018,1,1,2018-01,Hankerchief
B-25940,55,4,2,Clothing,Stole,COD,2018-01-06,Vivek,Goa,Goa,Vivek,CUST-330,55,27.5,2018,1,1,2018-01,Stole
B-25940,46,0,4,Clothing,Leggings,COD,2018-01-06,Vivek,Goa,Goa,Vivek,CUST-330,46,11.5,2018,1,1,2018-01,Leggings
B-25941,177,41,4,Clothing,Shirt,Debit Card,2018-01-07,Jaideep,Nagaland,Kohima,Jaideep,CUST-116,177,44.25,2018,1,1,2018-01,Shirt
B-25942,646,-23,2,Electronics,Printers,Credit Card,2018-01-08,Ankur,Andhra Pradesh,Hyderabad,Ankur,CUST-036,646,323.0,2018,1,1,2018-01,Printers
B-25943,1547,340,6,Electronics,Accessories,EMI,2018-01-09,Shardul,Gujarat,Ahmedabad,Shardul,CUST-254,1547,257.83,2018,1,1,2018-01,Accessories
B-25943,48,20,4,Clothing,Stole,UPI,2018-01-09,Shardul,Gujarat,Ahmedabad,Shardul,CUST-254,48,12.0,2018,1,1,2018-01,Stole
B-25943,137,38,5,Clothing,Hankerchief,Debit Card,2018-01-09,Shardul,Gujarat,Ahmedabad,Shardul,CUST-254,137,27.4,2018,1,1,2018-01,Hankerchief
B-25943,149,15,3,Clothing,Saree,Debit Card,2018-01-09,Shardul,Gujarat,Ahmedabad,Shardul,CUST-254,149,49.67,2018,1,1,2018-01,Saree
B-25943,26,7,4,Clothing,Hankerchief,COD,2018-01-09,Shardul,Gujarat,Ahmedabad,Shardul,CUST-254,26,6.5,2018,1,1,2018-01,Hankerchief
B-25944,169,38,3,Clothing,Saree,Debit Card,2018-01-10,Syed,Maharashtra,Pune,Syed,CUST-308,169,56.33,2018,1,1,2018-01,Saree
B-25945,765,-36,3,Electronics,Electronic Games,COD,2018-01-11,Mhatre,Madhya Pradesh,Indore,Mhatre,CUST-159,765,255.0,2018,1,1,2018-01,Electronic Games
B-25945,63,14,2,Clothing,Shirt,COD,2018-01-11,Mhatre,Madhya Pradesh,Indore,Mhatre,CUST-159,63,31.5,2018,1,1,2018-01,Shirt
B-25945,60,3,3,Clothing,Saree,UPI,2018-01-11,Mhatre,Madhya Pradesh,Indore,Mhatre,CUST-159,60,20.0,2018,1,1,2018-01,Saree
B-25945,245,10,2,Furniture,Bookcases,COD,2018-01-11,Mhatre,Madhya Pradesh,Indore,Mhatre,CUST-159,245,122.5,2018,1,1,2018-01,Bookcases
B-25946,146,7,2,Electronics,Phones,Debit Card,2018-01-12,Saurabh,Andhra Pradesh,Hyderabad,Saurabh,CUST-249,146,73.0,2018,1,1,2018-01,Phones
B-25947,290,35,6,Clothing,Hankerchief,COD,2018-01-13,Chetan,Gujarat,Ahmedabad,Chetan,CUST-075,290,48.33,2018,1,1,2018-01,Hankerchief
B-25947,207,33,2,Electronics,Accessories,UPI,2018-01-13,Chetan,Gujarat,Ahmedabad,Chetan,CUST-075,207,103.5,2018,1,1,2018-01,Accessories
B-25948,152,23,3,Furniture,Furnishings,COD,2018-01-13,Mukund,Maharashtra,Pune,Mukund,CUST-171,152,50.67,2018,1,1,2018-01,Furnishings
B-25949,151,9,3,Clothing,Hankerchief,EMI,2018-01-13,Shantanu,Maharashtra,Mumbai,Shantanu,CUST-252,151,50.33,2018,1,1,2018-01,Hankerchief
B-25949,140,57,2,Clothing,Trousers,Debit Card,2018-01-13,Shantanu,Maharashtra,Mumbai,Shantanu,CUST-252,140,70.0,2018,1,1,2018-01,Trousers
B-25949,24,11,3,Clothing,Hankerchief,COD,2018-01-13,Shantanu,Maharashtra,Mumbai,Shantanu,CUST-252,24,8.0,2018,1,1,2018-01,Hankerchief
B-25950,1622,95,5,Electronics,Printers,Credit Card,2018-01-13,Shruti,Madhya Pradesh,Indore,Shruti,CUST-270,1622,324.4,2018,1,1,2018-01,Printers
B-25950,644,167,2,Electronics,Printers,COD,2018-01-13,Shruti,Madhya Pradesh,Indore,Shruti,CUST-270,644,322.0,2018,1,1,2018-01,Printers
B-25950,136,-33,5,Clothing,Saree,COD,2018-01-13,Shruti,Madhya Pradesh,Indore,Shruti,CUST-270,136,27.2,2018,1,1,2018-01,Saree
B-25950,261,13,6,Clothing,Shirt,Credit Card,2018-01-13,Shruti,Madhya Pradesh,Indore,Shruti,CUST-270,261,43.5,2018,1,1,2018-01,Shirt
B-25950,190,19,9,Furniture,Furnishings,Credit Card,2018-01-13,Shruti,Madhya Pradesh,Indore,Shruti,CUST-270,190,21.11,2018,1,1,2018-01,Furnishings
B-25950,133,5,5,Clothing,Stole,UPI,2018-01-13,Shruti,Madhya Pradesh,Indore,Shruti,CUST-270,133,26.6,2018,1,1,2018-01,Stole
B-25950,158,-29,10,Clothing,Hankerchief,EMI,2018-01-13,Shruti,Madhya Pradesh,Indore,Shruti,CUST-270,158,15.8,2018,1,1,2018-01,Hankerchief
B-25950,54,27,2,Clothing,Stole,COD,2018-01-13,Shruti,Madhya Pradesh,Indore,Shruti,CUST-270,54,27.0,2018,1,1,2018-01,Stole
B-25950,13,4,1,Clothing,Leggings,UPI,2018-01-13,Shruti,Madhya Pradesh,Indore,Shruti,CUST-270,13,13.0,2018,1,1,2018-01,Leggings
B-25951,742,198,2,Furniture,Bookcases,Credit Card,2018-01-13,Jesal,West Bengal,Kolkata,Jesal,CUST-120,742,371.0,2018,1,1,2018-01,Bookcases
B-25951,250,100,3,Clothing,Trousers,COD,2018-01-13,Jesal,West Bengal,Kolkata,Jesal,CUST-120,250,83.33,2018,1,1,2018-01,Trousers
B-25951,89,29,2,Clothing,Stole,UPI,2018-01-13,Jesal,West Bengal,Kolkata,Jesal,CUST-120,89,44.5,2018,1,1,2018-01,Stole
B-25951,120,23,5,Clothing,Stole,COD,2018-01-13,Jesal,West Bengal,Kolkata,Jesal,CUST-120,120,24.0,2018,1,1,2018-01,Stole
B-25951,111,11,9,Clothing,Hankerchief,Credit Card,2018-01-13,Jesal,West Bengal,Kolkata,Jesal,CUST-120,111,12.33,2018,1,1,2018-01,Hankerchief
B-25951,102,13,2,Clothing,Stole,Credit Card,2018-01-13,Jesal,West Bengal,Kolkata,Jesal,CUST-120,102,51.0,2018,1,1,2018-01,Stole
B-25951,248,105,2,Electronics,Phones,Debit Card,2018-01-13,Jesal,West Bengal,Kolkata,Jesal,CUST-120,248,124.0,2018,1,1,2018-01,Phones
B-25951,50,14,1,Electronics,Electronic Games,COD,2018-01-13,Jesal,West Bengal,Kolkata,Jesal,CUST-120,50,50.0,2018,1,1,2018-01,Electronic Games
B-25951,40,18,1,Electronics,Accessories,Credit Card,2018-01-13,Jesal,West Bengal,Kolkata,Jesal,CUST-120,40,40.0,2018,1,1,2018-01,Accessories
B-25951,30,5,2,Clothing,Kurti,UPI,2018-01-13,Jesal,West Bengal,Kolkata,Jesal,CUST-120,30,15.0,2018,1,1,2018-01,Kurti
B-25952,14,0,4,Clothing,Hankerchief,UPI,2018-01-13,Priyanka,Madhya Pradesh,Indore,Priyanka,CUST-216,14,3.5,2018,1,1,2018-01,Hankerchief
B-25952,173,69,3,Furniture,Chairs,COD,2018-01-13,Priyanka,Madhya Pradesh,Indore,Priyanka,CUST-216,173,57.67,2018,1,1,2018-01,Chairs
B-25952,147,48,3,Clothing,Saree,COD,2018-01-13,Priyanka,Madhya Pradesh,Indore,Priyanka,CUST-216,147,49.0,2018,1,1,2018-01,Saree
B-25952,87,-32,9,Clothing,Skirt,COD,2018-01-13,Priyanka,Madhya Pradesh,Indore,Priyanka,CUST-216,87,9.67,2018,1,1,2018-01,Skirt
B-25952,44,14,3,Clothing,Hankerchief,COD,2018-01-13,Priyanka,Madhya Pradesh,Indore,Priyanka,CUST-216,44,14.67,2018,1,1,2018-01,Hankerchief
B-25952,352,18,5,Clothing,Trousers,Debit Card,2018-01-13,Priyanka,Madhya Pradesh,Indore,Priyanka,CUST-216,352,70.4,2018,1,1,2018-01,Trousers
B-25952,935,114,4,Electronics,Electronic Games,UPI,2018-01-13,Priyanka,Madhya Pradesh,Indore,Priyanka,CUST-216,935,233.75,2018,1,1,2018-01,Electronic Games
B-25953,744,119,6,Electronics,Printers,COD,2018-01-14,Krutika,Andhra Pradesh,Hyderabad,Krutika,CUST-137,744,124.0,2018,1,1,2018-01,Printers
B-25953,67,20,4,Clothing,T-shirt,UPI,2018-01-14,Krutika,Andhra Pradesh,Hyderabad,Krutika,CUST-137,67,16.75,2018,1,1,2018-01,T-shirt
B-25953,81,41,3,Clothing,Stole,Debit Card,2018-01-14,Krutika,Andhra Pradesh,Hyderabad,Krutika,CUST-137,81,27.0,2018,1,1,2018-01,Stole
B-25953,188,-193,2,Electronics,Electronic Games,Credit Card,2018-01-14,Krutika,Andhra Pradesh,Hyderabad,Krutika,CUST-137,188,94.0,2018,1,1,2018-01,Electronic Games
B-25953,116,22,1,Electronics,Accessories,Credit Card,2018-01-14,Krutika,Andhra Pradesh,Hyderabad,Krutika,CUST-137,116,116.0,2018,1,1,2018-01,Accessories
B-25953,87,36,5,Clothing,Stole,Credit Card,2018-01-14,Krutika,Andhra Pradesh,Hyderabad,Krutika,CUST-137,87,17.4,2018,1,1,2018-01,Stole
B-25953,44,2,3,Clothing,Hankerchief,COD,2018-01-14,Krutika,Andhra Pradesh,Hyderabad,Krutika,CUST-137,44,14.67,2018,1,1,2018-01,Hankerchief
B-25953,22,-8,4,Clothing,Hankerchief,Credit Card,2018-01-14,Krutika,Andhra Pradesh,Hyderabad,Krutika,CUST-137,22,5.5,2018,1,1,2018-01,Hankerchief
B-25953,1218,352,9,Furniture,Bookcases,EMI,2018-01-14,Krutika,Andhra Pradesh,Hyderabad,Krutika,CUST-137,1218,135.33,2018,1,1,2018-01,Bookcases
B-25954,27,0,2,Clothing,Leggings,COD,2018-01-14,Trupti,Gujarat,Ahmedabad,Trupti,CUST-314,27,13.5,2018,1,1,2018-01,Leggings
B-25954,148,9,1,Electronics,Electronic Games,UPI,2018-01-14,Trupti,Gujarat,Ahmedabad,Trupti,CUST-314,148,148.0,2018,1,1,2018-01,Electronic Games
B-25954,146,66,1,Electronics,Phones,UPI,2018-01-14,Trupti,Gujarat,Ahmedabad,Trupti,CUST-314,146,146.0,2018,1,1,2018-01,Phones
B-25954,891,0,5,Clothing,Saree,COD,2018-01-14,Trupti,Gujarat,Ahmedabad,Trupti,CUST-314,891,178.2,2018,1,1,2018-01,Saree
B-25954,189,60,4,Furniture,Furnishings,Debit Card,2018-01-14,Trupti,Gujarat,Ahmedabad,Trupti,CUST-314,189,47.25,2018,1,1,2018-01,Furnishings
B-25954,48,11,2,Clothing,Shirt,COD,2018-01-14,Trupti,Gujarat,Ahmedabad,Trupti,CUST-314,48,24.0,2018,1,1,2018-01,Shirt
B-25954,44,10,3,Clothing,Stole,COD,2018-01-14,Trupti,Gujarat,Ahmedabad,Trupti,CUST-314,44,14.67,2018,1,1,2018-01,Stole
B-25954,524,-25,2,Electronics,Electronic Games,Debit Card,2018-01-14,Trupti,Gujarat,Ahmedabad,Trupti,CUST-314,524,262.0,2018,1,1,2018-01,Electronic Games
B-25955,2927,146,8,Furniture,Bookcases,EMI,2018-01-16,Shiva,Maharashtra,Pune,Shiva,CUST-260,2927,365.88,2018,1,1,2018-01,Bookcases
B-25955,39,2,2,Clothing,Saree,Debit Card,2018-01-16,Shiva,Maharashtra,Pune,Shiva,CUST-260,39,19.5,2018,1,1,2018-01,Saree
B-25955,54,14,3,Clothing,T-shirt,UPI,2018-01-16,Shiva,Maharashtra,Pune,Shiva,CUST-260,54,18.0,2018,1,1,2018-01,T-shirt
B-25955,294,62,9,Clothing,T-shirt,EMI,2018-01-16,Shiva,Maharashtra,Pune,Shiva,CUST-260,294,32.67,2018,1,1,2018-01,T-shirt
B-25955,110,20,5,Clothing,Stole,Debit Card,2018-01-16,Shiva,Maharashtra,Pune,Shiva,CUST-260,110,22.0,2018,1,1,2018-01,Stole
B-25955,200,13,5,Electronics,Phones,COD,2018-01-16,Shiva,Maharashtra,Pune,Shiva,CUST-260,200,40.0,2018,1,1,2018-01,Phones
B-25955,45,8,4,Clothing,Skirt,EMI,2018-01-16,Shiva,Maharashtra,Pune,Shiva,CUST-260,45,11.25,2018,1,1,2018-01,Skirt
B-25955,954,95,3,Electronics,Printers,UPI,2018-01-16,Shiva,Maharashtra,Pune,Shiva,CUST-260,954,318.0,2018,1,1,2018-01,Printers
B-25955,1716,309,7,Electronics,Accessories,COD,2018-01-16,Shiva,Maharashtra,Pune,Shiva,CUST-260,1716,245.14,2018,1,1,2018-01,Accessories
B-25956,89,-37,4,Clothing,Shirt,COD,2018-01-17,Shreya,Maharashtra,Mumbai,Shreya,CUST-266,89,22.25,2018,1,1,2018-01,Shirt
B-25956,59,10,2,Clothing,Hankerchief,COD,2018-01-17,Shreya,Maharashtra,Mumbai,Shreya,CUST-266,59,29.5,2018,1,1,2018-01,Hankerchief
B-25956,140,28,2,Electronics,Phones,COD,2018-01-17,Shreya,Maharashtra,Mumbai,Shreya,CUST-266,140,70.0,2018,1,1,2018-01,Phones
B-25956,474,56,4,Electronics,Phones,Debit Card,2018-01-17,Shreya,Maharashtra,Mumbai,Shreya,CUST-266,474,118.5,2018,1,1,2018-01,Phones
B-25956,33,10,3,Clothing,Hankerchief,COD,2018-01-17,Shreya,Maharashtra,Mumbai,Shreya,CUST-266,33,11.0,2018,1,1,2018-01,Hankerchief
B-25957,147,73,3,Clothing,Stole,COD,2018-01-18,Mahima,Madhya Pradesh,Indore,Mahima,CUST-145,147,49.0,2018,1,1,2018-01,Stole
B-25957,1157,-13,9,Furniture,Bookcases,Credit Card,2018-01-18,Mahima,Madhya Pradesh,Indore,Mahima,CUST-145,1157,128.56,2018,1,1,2018-01,Bookcases
B-25957,209,2,1,Clothing,Saree,COD,2018-01-18,Mahima,Madhya Pradesh,Indore,Mahima,CUST-145,209,209.0,2018,1,1,2018-01,Saree
B-25958,105,25,2,Clothing,Hankerchief,EMI,2018-01-18,Aparajita,West Bengal,Kolkata,Aparajita,CUST-041,105,52.5,2018,1,1,2018-01,Hankerchief
B-25958,360,32,3,Clothing,Saree,UPI,2018-01-18,Aparajita,West Bengal,Kolkata,Aparajita,CUST-041,360,120.0,2018,1,1,2018-01,Saree
B-25959,681,259,4,Furniture,Chairs,COD,2018-01-18,Muskan,Madhya Pradesh,Indore,Muskan,CUST-172,681,170.25,2018,1,1,2018-01,Chairs
B-25959,23,8,2,Clothing,Hankerchief,Debit Card,2018-01-18,Muskan,Madhya Pradesh,Indore,Muskan,CUST-172,23,11.5,2018,1,1,2018-01,Hankerchief
B-25959,32,2,2,Clothing,Kurti,UPI,2018-01-18,Muskan,Madhya Pradesh,Indore,Muskan,CUST-172,32,16.0,2018,1,1,2018-01,Kurti
B-25959,132,49,3,Clothing,Shirt,COD,2018-01-18,Muskan,Madhya Pradesh,Indore,Muskan,CUST-172,132,44.0,2018,1,1,2018-01,Shirt
B-25959,252,56,2,Electronics,Phones,UPI,2018-01-18,Muskan,Madhya Pradesh,Indore,Muskan,CUST-172,252,126.0,2018,1,1,2018-01,Phones
B-25959,82,24,6,Clothing,Hankerchief,EMI,2018-01-18,Muskan,Madhya Pradesh,Indore,Muskan,CUST-172,82,13.67,2018,1,1,2018-01,Hankerchief
B-25959,429,17,3,Furniture,Chairs,UPI,2018-01-18,Muskan,Madhya Pradesh,Indore,Muskan,CUST-172,429,143.0,2018,1,1,2018-01,Chairs
B-25959,637,212,8,Electronics,Phones,Debit Card,2018-01-18,Muskan,Madhya Pradesh,Indore,Muskan,CUST-172,637,79.62,2018,1,1,2018-01,Phones
B-25960,171,-140,2,Furniture,Bookcases,EMI,2018-01-18,Shreya,Andhra Pradesh,Hyderabad,Shreya,CUST-266,171,85.5,2018,1,1,2018-01,Bookcases
B-25961,446,53,3,Electronics,Printers,COD,2018-01-18,Surbhi,Gujarat,Ahmedabad,Surbhi,CUST-302,446,148.67,2018,1,1,2018-01,Printers
B-25961,366,84,3,Furniture,Bookcases,COD,2018-01-18,Surbhi,Gujarat,Ahmedabad,Surbhi,CUST-302,366,122.0,2018,1,1,2018-01,Bookcases
B-25961,48,16,3,Clothing,Shirt,COD,2018-01-18,Surbhi,Gujarat,Ahmedabad,Surbhi,CUST-302,48,16.0,2018,1,1,2018-01,Shirt
B-25961,34,-10,3,Clothing,Skirt,COD,2018-01-18,Surbhi,Gujarat,Ahmedabad,Surbhi,CUST-302,34,11.33,2018,1,1,2018-01,Skirt
B-25961,34,-12,5,Clothing,Leggings,COD,2018-01-18,Surbhi,Gujarat,Ahmedabad,Surbhi,CUST-302,34,6.8,2018,1,1,2018-01,Leggings
B-25961,26,3,3,Clothing,Skirt,UPI,2018-01-18,Surbhi,Gujarat,Ahmedabad,Surbhi,CUST-302,26,8.67,2018,1,1,2018-01,Skirt
B-25962,544,-152,3,Furniture,Bookcases,COD,2018-01-19,Tejeswini,Maharashtra,Pune,Tejeswini,CUST-313,544,181.33,2018,1,1,2018-01,Bookcases
B-25962,312,62,1,Electronics,Electronic Games,COD,2018-01-19,Tejeswini,Maharashtra,Pune,Tejeswini,CUST-313,312,312.0,2018,1,1,2018-01,Electronic Games
B-25962,260,68,2,Electronics,Printers,COD,2018-01-19,Tejeswini,Maharashtra,Pune,Tejeswini,CUST-313,260,130.0,2018,1,1,2018-01,Printers
B-25963,53,8,3,Furniture,Furnishings,UPI,2018-01-19,Pratiksha,Maharashtra,Mumbai,Pratiksha,CUST-213,53,17.67,2018,1,1,2018-01,Furnishings
B-25964,346,108,3,Furniture,Chairs,COD,2018-01-20,Oshin,Maharashtra,Pune,Oshin,CUST-189,346,115.33,2018,1,1,2018-01,Chairs
B-25964,199,0,4,Clothing,Stole,EMI,2018-01-20,Oshin,Maharashtra,Pune,Oshin,CUST-189,199,49.75,2018,1,1,2018-01,Stole
B-25964,89,6,5,Clothing,Saree,COD,2018-01-20,Oshin,Maharashtra,Pune,Oshin,CUST-189,89,17.8,2018,1,1,2018-01,Saree
B-25964,1270,546,11,Electronics,Electronic Games,EMI,2018-01-20,Oshin,Maharashtra,Pune,Oshin,CUST-189,1270,115.45,2018,1,1,2018-01,Electronic Games
B-25965,17,7,3,Clothing,Hankerchief,Debit Card,2018-01-21,Saloni,West Bengal,Kolkata,Saloni,CUST-236,17,5.67,2018,1,1,2018-01,Hankerchief
B-25966,510,234,6,Electronics,Electronic Games,EMI,2018-01-21,Soumya,Rajasthan,Udaipur,Soumya,CUST-284,510,85.0,2018,1,1,2018-01,Electronic Games
B-25967,17,2,2,Clothing,Skirt,Debit Card,2018-01-21,Sudevi,Uttar Pradesh,Prayagraj,Sudevi,CUST-290,17,8.5,2018,1,1,2018-01,Skirt
B-25967,119,-24,4,Furniture,Furnishings,COD,2018-01-21,Sudevi,Uttar Pradesh,Prayagraj,Sudevi,CUST-290,119,29.75,2018,1,1,2018-01,Furnishings
B-25967,229,59,9,Clothing,Saree,Debit Card,2018-01-21,Sudevi,Uttar Pradesh,Prayagraj,Sudevi,CUST-290,229,25.44,2018,1,1,2018-01,Saree
B-25968,811,154,7,Electronics,Accessories,UPI,2018-01-21,Paromita,Punjab,Amritsar,Paromita,CUST-197,811,115.86,2018,1,1,2018-01,Accessories
B-25969,171,17,6,Clothing,T-shirt,UPI,2018-01-21,Shreyshi,Gujarat,Surat,Shreyshi,CUST-268,171,28.5,2018,1,1,2018-01,T-shirt
B-25969,720,43,2,Electronics,Printers,UPI,2018-01-21,Shreyshi,Gujarat,Surat,Shreyshi,CUST-268,720,360.0,2018,1,1,2018-01,Printers
B-25969,2452,191,7,Furniture,Bookcases,UPI,2018-01-21,Shreyshi,Gujarat,Surat,Shreyshi,CUST-268,2452,350.29,2018,1,1,2018-01,Bookcases
B-25970,742,198,2,Furniture,Bookcases,COD,2018-01-22,Rhea,Maharashtra,Mumbai,Rhea,CUST-224,742,371.0,2018,1,1,2018-01,Bookcases
B-25970,365,107,3,Electronics,Phones,COD,2018-01-22,Rhea,Maharashtra,Mumbai,Rhea,CUST-224,365,121.67,2018,1,1,2018-01,Phones
B-25970,111,9,4,Clothing,Stole,COD,2018-01-22,Rhea,Maharashtra,Mumbai,Rhea,CUST-224,111,27.75,2018,1,1,2018-01,Stole
B-25970,203,84,2,Electronics,Printers,UPI,2018-01-22,Rhea,Maharashtra,Mumbai,Rhea,CUST-224,203,101.5,2018,1,1,2018-01,Printers
B-25971,244,83,2,Furniture,Bookcases,COD,2018-01-22,Mitali,Madhya Pradesh,Indore,Mitali,CUST-160,244,122.0,2018,1,1,2018-01,Bookcases
B-25972,115,47,2,Electronics,Accessories,COD,2018-01-23,Jesslyn,Rajasthan,Udaipur,Jesslyn,CUST-121,115,57.5,2018,1,1,2018-01,Accessories
B-25973,398,111,8,Clothing,Hankerchief,COD,2018-01-24,Madan Mohan,Uttar Pradesh,Mathura,Madan Mohan,CUST-142,398,49.75,2018,1,1,2018-01,Hankerchief
B-25973,79,39,2,Clothing,Shirt,Debit Card,2018-01-24,Madan Mohan,Uttar Pradesh,Mathura,Madan Mohan,CUST-142,79,39.5,2018,1,1,2018-01,Shirt
B-25973,39,14,5,Clothing,Leggings,COD,2018-01-24,Madan Mohan,Uttar Pradesh,Mathura,Madan Mohan,CUST-142,39,7.8,2018,1,1,2018-01,Leggings
B-25973,571,108,12,Clothing,Stole,Debit Card,2018-01-24,Madan Mohan,Uttar Pradesh,Mathura,Madan Mohan,CUST-142,571,47.58,2018,1,1,2018-01,Stole
B-25973,4141,1698,13,Electronics,Printers,COD,2018-01-24,Madan Mohan,Uttar Pradesh,Mathura,Madan Mohan,CUST-142,4141,318.54,2018,1,1,2018-01,Printers
B-25974,662,240,2,Furniture,Bookcases,COD,2018-01-25,Manisha,Rajasthan,Udaipur,Manisha,CUST-150,662,331.0,2018,1,1,2018-01,Bookcases
B-25975,29,2,3,Clothing,Skirt,COD,2018-01-25,Priyanka,Uttar Pradesh,Prayagraj,Priyanka,CUST-216,29,9.67,2018,1,1,2018-01,Skirt
B-25976,193,8,4,Clothing,T-shirt,UPI,2018-01-25,Piyam,Punjab,Amritsar,Piyam,CUST-204,193,48.25,2018,1,1,2018-01,T-shirt
B-25977,27,1,1,Clothing,Stole,UPI,2018-01-27,Aayushi,Gujarat,Surat,Aayushi,CUST-005,27,27.0,2018,1,1,2018-01,Stole
B-25977,74,29,3,Clothing,Stole,COD,2018-01-27,Aayushi,Gujarat,Surat,Aayushi,CUST-005,74,24.67,2018,1,1,2018-01,Stole
B-25977,180,54,4,Clothing,T-shirt,Credit Card,2018-01-27,Aayushi,Gujarat,Surat,Aayushi,CUST-005,180,45.0,2018,1,1,2018-01,T-shirt
B-25978,341,160,7,Clothing,Stole,Debit Card,2018-01-27,Parin,Maharashtra,Mumbai,Parin,CUST-193,341,48.71,2018,1,1,2018-01,Stole
B-25978,1063,-175,4,Electronics,Electronic Games,EMI,2018-01-27,Parin,Maharashtra,Mumbai,Parin,CUST-193,1063,265.75,2018,1,1,2018-01,Electronic Games
B-25979,284,45,2,Furniture,Bookcases,EMI,2018-01-27,Shivangi,Madhya Pradesh,Indore,Shivangi,CUST-262,284,142.0,2018,1,1,2018-01,Bookcases
B-25979,82,-27,3,Clothing,Kurti,EMI,2018-01-27,Shivangi,Madhya Pradesh,Indore,Shivangi,CUST-262,82,27.33,2018,1,1,2018-01,Kurti
B-25979,57,27,2,Clothing,Shirt,UPI,2018-01-27,Shivangi,Madhya Pradesh,Indore,Shivangi,CUST-262,57,28.5,2018,1,1,2018-01,Shirt
B-25979,560,44,3,Clothing,Saree,Debit Card,2018-01-27,Shivangi,Madhya Pradesh,Indore,Shivangi,CUST-262,560,186.67,2018,1,1,2018-01,Saree
B-25979,12,1,2,Clothing,Hankerchief,COD,2018-01-27,Shivangi,Madhya Pradesh,Indore,Shivangi,CUST-262,12,6.0,2018,1,1,2018-01,Hankerchief
B-25980,22,11,3,Clothing,Kurti,COD,2018-01-27,Shweta,Rajasthan,Udaipur,Shweta,CUST-273,22,7.33,2018,1,1,2018-01,Kurti
B-25981,867,251,5,Electronics,Phones,COD,2018-01-28,Amruta,Delhi,Delhi,Amruta,CUST-026,867,173.4,2018,1,1,2018-01,Phones
B-25981,54,12,3,Clothing,Saree,Debit Card,2018-01-28,Amruta,Delhi,Delhi,Amruta,CUST-026,54,18.0,2018,1,1,2018-01,Saree
B-25981,62,8,2,Clothing,T-shirt,UPI,2018-01-28,Amruta,Delhi,Delhi,Amruta,CUST-026,62,31.0,2018,1,1,2018-01,T-shirt
B-25981,48,2,3,Clothing,Stole,COD,2018-01-28,Amruta,Delhi,Delhi,Amruta,CUST-026,48,16.0,2018,1,1,2018-01,Stole
B-25981,245,91,2,Furniture,Bookcases,UPI,2018-01-28,Amruta,Delhi,Delhi,Amruta,CUST-026,245,122.5,2018,1,1,2018-01,Bookcases
B-25981,42,13,3,Clothing,Leggings,COD,2018-01-28,Amruta,Delhi,Delhi,Amruta,CUST-026,42,14.0,2018,1,1,2018-01,Leggings
B-25982,13,3,1,Clothing,Leggings,COD,2018-01-29,Hemangi,Delhi,Delhi,Hemangi,CUST-107,13,13.0,2018,1,1,2018-01,Leggings
B-25983,561,118,5,Furniture,Bookcases,Credit Card,2018-01-30,Atul,Delhi,Delhi,Atul,CUST-058,561,112.2,2018,1,1,2018-01,Bookcases
B-25983,161,-229,8,Furniture,Furnishings,COD,2018-01-30,Atul,Delhi,Delhi,Atul,CUST-058,161,20.12,2018,1,1,2018-01,Furnishings
B-25983,230,5,2,Clothing,Saree,UPI,2018-01-30,Atul,Delhi,Delhi,Atul,CUST-058,230,115.0,2018,1,1,2018-01,Saree
B-25983,50,-4,6,Clothing,T-shirt,EMI,2018-01-30,Atul,Delhi,Delhi,Atul,CUST-058,50,8.33,2018,1,1,2018-01,T-shirt
B-25983,32,-12,1,Furniture,Chairs,Credit Card,2018-01-30,Atul,Delhi,Delhi,Atul,CUST-058,32,32.0,2018,1,1,2018-01,Chairs
B-25984,304,97,6,Clothing,Stole,UPI,2018-01-30,Kajal,Delhi,Delhi,Kajal,CUST-124,304,50.67,2018,1,1,2018-01,Stole
B-25985,32,8,5,Clothing,Hankerchief,UPI,2018-01-31,Ginny,Madhya Pradesh,Indore,Ginny,CUST-098,32,6.4,2018,1,1,2018-01,Hankerchief
B-25985,197,20,4,Clothing,Kurti,Credit Card,2018-01-31,Ginny,Madhya Pradesh,Indore,Ginny,CUST-098,197,49.25,2018,1,1,2018-01,Kurti
B-25985,108,26,4,Clothing,Shirt,UPI,2018-01-31,Ginny,Madhya Pradesh,Indore,Ginny,CUST-098,108,27.0,2018,1,1,2018-01,Shirt
B-25985,44,11,4,Clothing,Stole,COD,2018-01-31,Ginny,Madhya Pradesh,Indore,Ginny,CUST-098,44,11.0,2018,1,1,2018-01,Stole
B-25986,749,-307,7,Furniture,Furnishings,COD,2018-01-31,Shweta,Rajasthan,Udaipur,Shweta,CUST-273,749,107.0,2018,1,1,2018-01,Furnishings
B-25986,71,4,5,Clothing,Leggings,Debit Card,2018-01-31,Shweta,Rajasthan,Udaipur,Shweta,CUST-273,71,14.2,2018,1,1,2018-01,Leggings
B-25986,487,-23,3,Electronics,Printers,Debit Card,2018-01-31,Shweta,Rajasthan,Udaipur,Shweta,CUST-273,487,162.33,2018,1,1,2018-01,Printers
B-25986,918,22,9,Electronics,Electronic Games,COD,2018-01-31,Shweta,Rajasthan,Udaipur,Shweta,CUST-273,918,102.0,2018,1,1,2018-01,Electronic Games
B-25987,299,0,6,Clothing,Stole,COD,2018-01-31,Manjiri,Delhi,Delhi,Manjiri,CUST-151,299,49.83,2018,1,1,2018-01,Stole
B-25987,88,11,7,Clothing,Hankerchief,UPI,2018-01-31,Manjiri,Delhi,Delhi,Manjiri,CUST-151,88,12.57,2018,1,1,2018-01,Hankerchief
B-25988,79,-124,9,Clothing,Skirt,COD,2018-01-31,Nirja,Delhi,Delhi,Nirja,CUST-181,79,8.78,2018,1,1,2018-01,Skirt
B-25989,42,15,1,Electronics,Accessories,UPI,2018-02-01,Anjali,Delhi,Delhi,Anjali,CUST-033,42,42.0,2018,2,1,2018-02,Accessories
B-25989,330,81,1,Furniture,Bookcases,Credit Card,2018-02-01,Anjali,Delhi,Delhi,Anjali,CUST-033,330,330.0,2018,2,1,2018-02,Bookcases
B-25989,338,41,7,Clothing,Hankerchief,UPI,2018-02-01,Anjali,Delhi,Delhi,Anjali,CUST-033,338,48.29,2018,2,1,2018-02,Hankerchief
B-25989,44,14,3,Clothing,Hankerchief,Credit Card,2018-02-01,Anjali,Delhi,Delhi,Anjali,CUST-033,44,14.67,2018,2,1,2018-02,Hankerchief
B-25989,10,5,1,Clothing,Stole,COD,2018-02-01,Anjali,Delhi,Delhi,Anjali,CUST-033,10,10.0,2018,2,1,2018-02,Stole
B-25990,71,32,3,Clothing,Saree,Debit Card,2018-02-02,Mugdha,Delhi,Delhi,Mugdha,CUST-169,71,23.67,2018,2,1,2018-02,Saree
B-25991,13,5,2,Clothing,Hankerchief,UPI,2018-02-03,Mansi,Madhya Pradesh,Indore,Mansi,CUST-154,13,6.5,2018,2,1,2018-02,Hankerchief
B-25991,188,13,7,Clothing,Shirt,COD,2018-02-03,Mansi,Madhya Pradesh,Indore,Mansi,CUST-154,188,26.86,2018,2,1,2018-02,Shirt
B-25991,90,30,2,Furniture,Chairs,UPI,2018-02-03,Mansi,Madhya Pradesh,Indore,Mansi,CUST-154,90,45.0,2018,2,1,2018-02,Chairs
B-25992,141,41,3,Clothing,Shirt,UPI,2018-02-03,Gaurav,Rajasthan,Udaipur,Gaurav,CUST-096,141,47.0,2018,2,1,2018-02,Shirt
B-25993,610,208,3,Electronics,Printers,COD,2018-02-03,Madhav,Delhi,Delhi,Madhav,CUST-143,610,203.33,2018,2,1,2018-02,Printers
B-25993,414,199,3,Electronics,Phones,COD,2018-02-03,Madhav,Delhi,Delhi,Madhav,CUST-143,414,138.0,2018,2,1,2018-02,Phones
B-25993,44,8,2,Clothing,Stole,COD,2018-02-03,Madhav,Delhi,Delhi,Madhav,CUST-143,44,22.0,2018,2,1,2018-02,Stole
B-25993,173,86,1,Electronics,Printers,Debit Card,2018-02-03,Madhav,Delhi,Delhi,Madhav,CUST-143,173,173.0,2018,2,1,2018-02,Printers
B-25993,221,26,7,Furniture,Furnishings,COD,2018-02-03,Madhav,Delhi,Delhi,Madhav,CUST-143,221,31.57,2018,2,1,2018-02,Furnishings
B-25993,201,32,4,Furniture,Furnishings,UPI,2018-02-03,Madhav,Delhi,Delhi,Madhav,CUST-143,201,50.25,2018,2,1,2018-02,Furnishings
B-25993,4363,305,5,Furniture,Tables,EMI,2018-02-03,Madhav,Delhi,Delhi,Madhav,CUST-143,4363,872.6,2018,2,1,2018-02,Tables
B-25994,196,-7,5,Electronics,Phones,COD,2018-02-03,Omkar,Delhi,Delhi,Omkar,CUST-188,196,39.2,2018,2,1,2018-02,Phones
B-25995,1314,342,3,Furniture,Bookcases,Credit Card,2018-02-04,Yohann,Delhi,Delhi,Yohann,CUST-336,1314,438.0,2018,2,1,2018-02,Bookcases
B-25996,31,2,2,Clothing,Hankerchief,COD,2018-02-04,Prashant,Delhi,Delhi,Prashant,CUST-212,31,15.5,2018,2,1,2018-02,Hankerchief
B-25996,333,50,2,Electronics,Phones,COD,2018-02-04,Prashant,Delhi,Delhi,Prashant,CUST-212,333,166.5,2018,2,1,2018-02,Phones
B-25996,62,6,6,Clothing,Skirt,COD,2018-02-04,Prashant,Delhi,Delhi,Prashant,CUST-212,62,10.33,2018,2,1,2018-02,Skirt
B-25996,189,4,1,Clothing,Saree,UPI,2018-02-04,Prashant,Delhi,Delhi,Prashant,CUST-212,189,189.0,2018,2,1,2018-02,Saree
B-25996,47,1,2,Clothing,Stole,COD,2018-02-04,Prashant,Delhi,Delhi,Prashant,CUST-212,47,23.5,2018,2,1,2018-02,Stole
B-25996,286,140,6,Clothing,Shirt,Debit Card,2018-02-04,Prashant,Delhi,Delhi,Prashant,CUST-212,286,47.67,2018,2,1,2018-02,Shirt
B-25996,217,72,2,Furniture,Furnishings,COD,2018-02-04,Prashant,Delhi,Delhi,Prashant,CUST-212,217,108.5,2018,2,1,2018-02,Furnishings
B-25997,231,99,2,Electronics,Electronic Games,Credit Card,2018-02-04,Yogesh,Maharashtra,Pune,Yogesh,CUST-335,231,115.5,2018,2,1,2018-02,Electronic Games
B-25997,48,15,1,Clothing,Hankerchief,COD,2018-02-04,Yogesh,Maharashtra,Pune,Yogesh,CUST-335,48,48.0,2018,2,1,2018-02,Hankerchief
B-25997,16,6,3,Clothing,Hankerchief,COD,2018-02-04,Yogesh,Maharashtra,Pune,Yogesh,CUST-335,16,5.33,2018,2,1,2018-02,Hankerchief
B-25997,2292,127,7,Furniture,Bookcases,COD,2018-02-04,Yogesh,Maharashtra,Pune,Yogesh,CUST-335,2292,327.43,2018,2,1,2018-02,Bookcases
B-25998,50,-28,5,Furniture,Furnishings,COD,2018-02-04,Anmol,Rajasthan,Udaipur,Anmol,CUST-037,50,10.0,2018,2,1,2018-02,Furnishings
B-25999,223,62,7,Clothing,Shirt,COD,2018-02-05,Diwakar,Delhi,Delhi,Diwakar,CUST-092,223,31.86,2018,2,1,2018-02,Shirt
B-25999,215,-30,2,Clothing,Saree,COD,2018-02-05,Diwakar,Delhi,Delhi,Diwakar,CUST-092,215,107.5,2018,2,1,2018-02,Saree
B-25999,93,-65,4,Clothing,Stole,UPI,2018-02-05,Diwakar,Delhi,Delhi,Diwakar,CUST-092,93,23.25,2018,2,1,2018-02,Stole
B-25999,109,40,1,Furniture,Furnishings,COD,2018-02-05,Diwakar,Delhi,Delhi,Diwakar,CUST-092,109,109.0,2018,2,1,2018-02,Furnishings
B-25999,152,-3,5,Clothing,Saree,COD,2018-02-05,Diwakar,Delhi,Delhi,Diwakar,CUST-092,152,30.4,2018,2,1,2018-02,Saree
B-25999,26,-17,1,Clothing,Stole,COD,2018-02-05,Diwakar,Delhi,Delhi,Diwakar,CUST-092,26,26.0,2018,2,1,2018-02,Stole
B-25999,51,-49,2,Electronics,Electronic Games,COD,2018-02-05,Diwakar,Delhi,Delhi,Diwakar,CUST-092,51,25.5,2018,2,1,2018-02,Electronic Games
B-25999,129,11,2,Electronics,Phones,UPI,2018-02-05,Diwakar,Delhi,Delhi,Diwakar,CUST-092,129,64.5,2018,2,1,2018-02,Phones
B-25999,222,74,5,Clothing,Hankerchief,COD,2018-02-05,Diwakar,Delhi,Delhi,Diwakar,CUST-092,222,44.4,2018,2,1,2018-02,Hankerchief
B-25999,352,74,8,Clothing,Stole,Debit Card,2018-02-05,Diwakar,Delhi,Delhi,Diwakar,CUST-092,352,44.0,2018,2,1,2018-02,Stole
B-25999,770,323,3,Electronics,Accessories,COD,2018-02-05,Diwakar,Delhi,Delhi,Diwakar,CUST-092,770,256.67,2018,2,1,2018-02,Accessories
B-26000,676,151,3,Electronics,Printers,Credit Card,2018-02-06,Shubham,Delhi,Delhi,Shubham,CUST-271,676,225.33,2018,2,1,2018-02,Printers
B-26000,43,-10,4,Clothing,Skirt,COD,2018-02-06,Shubham,Delhi,Delhi,Shubham,CUST-271,43,10.75,2018,2,1,2018-02,Skirt
B-26000,597,93,4,Furniture,Chairs,Debit Card,2018-02-06,Shubham,Delhi,Delhi,Shubham,CUST-271,597,149.25,2018,2,1,2018-02,Chairs
B-26001,8,2,2,Clothing,Skirt,UPI,2018-02-07,Patil,Delhi,Delhi,Patil,CUST-199,8,4.0,2018,2,1,2018-02,Skirt
B-26001,50,-10,6,Clothing,Skirt,Debit Card,2018-02-07,Patil,Delhi,Delhi,Patil,CUST-199,50,8.33,2018,2,1,2018-02,Skirt
B-26001,149,17,4,Furniture,Furnishings,COD,2018-02-07,Patil,Delhi,Delhi,Patil,CUST-199,149,37.25,2018,2,1,2018-02,Furnishings
B-26001,13,0,2,Clothing,Hankerchief,COD,2018-02-07,Patil,Delhi,Delhi,Patil,CUST-199,13,6.5,2018,2,1,2018-02,Hankerchief
B-26002,276,52,5,Clothing,Saree,EMI,2018-02-08,Harsh,Delhi,Delhi,Harsh,CUST-104,276,55.2,2018,2,1,2018-02,Saree
B-26002,71,19,3,Clothing,T-shirt,COD,2018-02-08,Harsh,Delhi,Delhi,Harsh,CUST-104,71,23.67,2018,2,1,2018-02,T-shirt
B-26002,80,22,3,Clothing,Stole,Debit Card,2018-02-08,Harsh,Delhi,Delhi,Harsh,CUST-104,80,26.67,2018,2,1,2018-02,Stole
B-26002,141,7,7,Clothing,Saree,COD,2018-02-08,Harsh,Delhi,Delhi,Harsh,CUST-104,141,20.14,2018,2,1,2018-02,Saree
B-26002,113,28,2,Clothing,Saree,UPI,2018-02-08,Harsh,Delhi,Delhi,Harsh,CUST-104,113,56.5,2018,2,1,2018-02,Saree
B-26003,1745,122,2,Furniture,Tables,Credit Card,2018-02-08,Hitesh,Madhya Pradesh,Bhopal,Hitesh,CUST-109,1745,872.5,2018,2,1,2018-02,Tables
B-26003,498,-116,4,Clothing,Saree,UPI,2018-02-08,Hitesh,Madhya Pradesh,Bhopal,Hitesh,CUST-109,498,124.5,2018,2,1,2018-02,Saree
B-26003,315,-8,3,Furniture,Chairs,Credit Card,2018-02-08,Hitesh,Madhya Pradesh,Bhopal,Hitesh,CUST-109,315,105.0,2018,2,1,2018-02,Chairs
B-26003,79,16,3,Clothing,T-shirt,COD,2018-02-08,Hitesh,Madhya Pradesh,Bhopal,Hitesh,CUST-109,79,26.33,2018,2,1,2018-02,T-shirt
B-26003,128,47,4,Clothing,Hankerchief,COD,2018-02-08,Hitesh,Madhya Pradesh,Bhopal,Hitesh,CUST-109,128,32.0,2018,2,1,2018-02,Hankerchief
B-26003,114,41,6,Furniture,Furnishings,COD,2018-02-08,Hitesh,Madhya Pradesh,Bhopal,Hitesh,CUST-109,114,19.0,2018,2,1,2018-02,Furnishings
B-26003,652,13,6,Furniture,Furnishings,Debit Card,2018-02-08,Hitesh,Madhya Pradesh,Bhopal,Hitesh,CUST-109,652,108.67,2018,2,1,2018-02,Furnishings
B-26003,17,2,2,Clothing,Skirt,UPI,2018-02-08,Hitesh,Madhya Pradesh,Bhopal,Hitesh,CUST-109,17,8.5,2018,2,1,2018-02,Skirt
B-26004,162,73,2,Electronics,Electronic Games,COD,2018-02-08,Nandita,Rajasthan,Jaipur,Nandita,CUST-174,162,81.0,2018,2,1,2018-02,Electronic Games
B-26004,147,44,3,Clothing,Saree,COD,2018-02-08,Nandita,Rajasthan,Jaipur,Nandita,CUST-174,147,49.0,2018,2,1,2018-02,Saree
B-26005,87,10,3,Clothing,Stole,COD,2018-02-08,Parnavi,West Bengal,Kolkata,Parnavi,CUST-196,87,29.0,2018,2,1,2018-02,Stole
B-26006,1301,573,5,Electronics,Accessories,Credit Card,2018-02-09,Arpita,Karnataka,Bangalore,Arpita,CUST-047,1301,260.2,2018,2,1,2018-02,Accessories
B-26007,311,72,2,Furniture,Bookcases,COD,2018-02-09,Shubham,Jammu and Kashmir,Kashmir,Shubham,CUST-271,311,155.5,2018,2,1,2018-02,Bookcases
B-26008,206,51,4,Clothing,Hankerchief,Credit Card,2018-02-09,Kalyani,Tamil Nadu,Chennai,Kalyani,CUST-125,206,51.5,2018,2,1,2018-02,Hankerchief
B-26008,199,-1,1,Clothing,Saree,Credit Card,2018-02-09,Kalyani,Tamil Nadu,Chennai,Kalyani,CUST-125,199,199.0,2018,2,1,2018-02,Saree
B-26008,57,24,5,Clothing,Leggings,COD,2018-02-09,Kalyani,Tamil Nadu,Chennai,Kalyani,CUST-125,57,11.4,2018,2,1,2018-02,Leggings
B-26008,22,4,1,Clothing,Stole,COD,2018-02-09,Kalyani,Tamil Nadu,Chennai,Kalyani,CUST-125,22,22.0,2018,2,1,2018-02,Stole
B-26009,285,128,2,Electronics,Printers,COD,2018-02-10,Komal,Uttar Pradesh,Lucknow,Komal,CUST-134,285,142.5,2018,2,1,2018-02,Printers
B-26009,195,12,9,Clothing,Shirt,Credit Card,2018-02-10,Komal,Uttar Pradesh,Lucknow,Komal,CUST-134,195,21.67,2018,2,1,2018-02,Shirt
B-26010,55,3,3,Clothing,T-shirt,COD,2018-02-11,Kartikay,Bihar,Patna,Kartikay,CUST-129,55,18.33,2018,2,1,2018-02,T-shirt
B-26010,176,-13,5,Furniture,Furnishings,COD,2018-02-11,Kartikay,Bihar,Patna,Kartikay,CUST-129,176,35.2,2018,2,1,2018-02,Furnishings
B-26010,85,13,2,Clothing,Shirt,UPI,2018-02-11,Kartikay,Bihar,Patna,Kartikay,CUST-129,85,42.5,2018,2,1,2018-02,Shirt
B-26010,527,26,3,Electronics,Electronic Games,COD,2018-02-11,Kartikay,Bihar,Patna,Kartikay,CUST-129,527,175.67,2018,2,1,2018-02,Electronic Games
B-26010,29,3,2,Clothing,Stole,COD,2018-02-11,Kartikay,Bihar,Patna,Kartikay,CUST-129,29,14.5,2018,2,1,2018-02,Stole
B-26010,18,2,3,Clothing,Hankerchief,COD,2018-02-11,Kartikay,Bihar,Patna,Kartikay,CUST-129,18,6.0,2018,2,1,2018-02,Hankerchief
B-26011,93,44,2,Clothing,Stole,Credit Card,2018-02-12,Bharat,Gujarat,Ahmedabad,Bharat,CUST-064,93,46.5,2018,2,1,2018-02,Stole
B-26012,199,8,2,Clothing,Saree,COD,2018-02-13,Pearl,Maharashtra,Pune,Pearl,CUST-200,199,99.5,2018,2,1,2018-02,Saree
B-26013,29,-10,3,Clothing,Skirt,COD,2018-02-13,Jahan,Madhya Pradesh,Bhopal,Jahan,CUST-115,29,9.67,2018,2,1,2018-02,Skirt
B-26014,406,97,7,Furniture,Chairs,Credit Card,2018-02-13,Divsha,Rajasthan,Jaipur,Divsha,CUST-087,406,58.0,2018,2,1,2018-02,Chairs
B-26014,278,39,5,Furniture,Chairs,Debit Card,2018-02-13,Divsha,Rajasthan,Jaipur,Divsha,CUST-087,278,55.6,2018,2,1,2018-02,Chairs
B-26015,128,55,1,Clothing,Saree,COD,2018-02-14,Kasheen,West Bengal,Kolkata,Kasheen,CUST-130,128,128.0,2018,2,1,2018-02,Saree
B-26016,202,4,4,Clothing,Hankerchief,COD,2018-02-14,Hazel,Karnataka,Bangalore,Hazel,CUST-106,202,50.5,2018,2,1,2018-02,Hankerchief
B-26016,429,61,3,Electronics,Electronic Games,Credit Card,2018-02-14,Hazel,Karnataka,Bangalore,Hazel,CUST-106,429,143.0,2018,2,1,2018-02,Electronic Games
B-26016,134,-13,3,Electronics,Electronic Games,UPI,2018-02-14,Hazel,Karnataka,Bangalore,Hazel,CUST-106,134,44.67,2018,2,1,2018-02,Electronic Games
B-26016,74,9,3,Clothing,Shirt,UPI,2018-02-14,Hazel,Karnataka,Bangalore,Hazel,CUST-106,74,24.67,2018,2,1,2018-02,Shirt
B-26017,78,7,1,Furniture,Chairs,COD,2018-02-14,Sonakshi,Jammu and Kashmir,Kashmir,Sonakshi,CUST-281,78,78.0,2018,2,1,2018-02,Chairs
B-26018,61,8,4,Clothing,Hankerchief,Debit Card,2018-02-14,Aarushi,Tamil Nadu,Chennai,Aarushi,CUST-002,61,15.25,2018,2,1,2018-02,Hankerchief
B-26018,326,107,3,Furniture,Furnishings,UPI,2018-02-14,Aarushi,Tamil Nadu,Chennai,Aarushi,CUST-002,326,108.67,2018,2,1,2018-02,Furnishings
B-26019,585,175,13,Clothing,T-shirt,COD,2018-02-15,Jitesh,Uttar Pradesh,Lucknow,Jitesh,CUST-122,585,45.0,2018,2,1,2018-02,T-shirt
B-26020,319,102,6,Electronics,Accessories,Credit Card,2018-02-16,Yogesh,Bihar,Patna,Yogesh,CUST-335,319,53.17,2018,2,1,2018-02,Accessories
B-26021,21,-12,3,Clothing,Hankerchief,Debit Card,2018-02-17,Anita,Kerala,Thiruvananthapuram,Anita,CUST-032,21,7.0,2018,2,1,2018-02,Hankerchief
B-26021,49,21,1,Clothing,Stole,UPI,2018-02-17,Anita,Kerala,Thiruvananthapuram,Anita,CUST-032,49,49.0,2018,2,1,2018-02,Stole
B-26021,122,59,7,Furniture,Furnishings,COD,2018-02-17,Anita,Kerala,Thiruvananthapuram,Anita,CUST-032,122,17.43,2018,2,1,2018-02,Furnishings
B-26022,1824,1303,8,Electronics,Phones,Credit Card,2018-02-18,Shrichand,Punjab,Chandigarh,Shrichand,CUST-269,1824,228.0,2018,2,1,2018-02,Phones
B-26023,66,22,3,Clothing,Stole,UPI,2018-02-19,Mukesh,Haryana,Chandigarh,Mukesh,CUST-170,66,22.0,2018,2,1,2018-02,Stole
B-26023,59,21,2,Clothing,Stole,Debit Card,2018-02-19,Mukesh,Haryana,Chandigarh,Mukesh,CUST-170,59,29.5,2018,2,1,2018-02,Stole
B-26023,29,0,3,Furniture,Furnishings,COD,2018-02-19,Mukesh,Haryana,Chandigarh,Mukesh,CUST-170,29,9.67,2018,2,1,2018-02,Furnishings
B-26023,1117,447,10,Furniture,Bookcases,EMI,2018-02-19,Mukesh,Haryana,Chandigarh,Mukesh,CUST-170,1117,111.7,2018,2,1,2018-02,Bookcases
B-26024,168,18,6,Clothing,Stole,Debit Card,2018-02-19,Vandana,Himachal Pradesh,Simla,Vandana,CUST-323,168,28.0,2018,2,1,2018-02,Stole
B-26025,41,19,5,Clothing,Hankerchief,Debit Card,2018-02-19,Bhavna,Sikkim,Gangtok,Bhavna,CUST-066,41,8.2,2018,2,1,2018-02,Hankerchief
B-26025,32,1,2,Clothing,Stole,COD,2018-02-19,Bhavna,Sikkim,Gangtok,Bhavna,CUST-066,32,16.0,2018,2,1,2018-02,Stole
B-26025,155,5,3,Clothing,Stole,EMI,2018-02-19,Bhavna,Sikkim,Gangtok,Bhavna,CUST-066,155,51.67,2018,2,1,2018-02,Stole
B-26026,255,76,9,Clothing,Hankerchief,COD,2018-02-19,Kanak,Goa,Goa,Kanak,CUST-126,255,28.33,2018,2,1,2018-02,Hankerchief
B-26026,25,2,3,Clothing,Kurti,Credit Card,2018-02-19,Kanak,Goa,Goa,Kanak,CUST-126,25,8.33,2018,2,1,2018-02,Kurti
B-26027,54,8,4,Clothing,T-shirt,COD,2018-02-20,Sagar,Nagaland,Kohima,Sagar,CUST-232,54,13.5,2018,2,1,2018-02,T-shirt
B-26028,1272,547,2,Electronics,Phones,COD,2018-02-20,Manju,Andhra Pradesh,Hyderabad,Manju,CUST-152,1272,636.0,2018,2,1,2018-02,Phones
B-26028,115,0,1,Electronics,Accessories,Debit Card,2018-02-20,Manju,Andhra Pradesh,Hyderabad,Manju,CUST-152,115,115.0,2018,2,1,2018-02,Accessories
B-26028,77,36,2,Clothing,Shirt,EMI,2018-02-20,Manju,Andhra Pradesh,Hyderabad,Manju,CUST-152,77,38.5,2018,2,1,2018-02,Shirt
B-26029,21,10,1,Clothing,T-shirt,Debit Card,2018-02-20,Ramesh,Gujarat,Ahmedabad,Ramesh,CUST-221,21,21.0,2018,2,1,2018-02,T-shirt
B-26030,291,93,2,Electronics,Printers,COD,2018-02-21,Sarita,Maharashtra,Pune,Sarita,CUST-246,291,145.5,2018,2,1,2018-02,Printers
B-26030,11,5,1,Clothing,Skirt,COD,2018-02-21,Sarita,Maharashtra,Pune,Sarita,CUST-246,11,11.0,2018,2,1,2018-02,Skirt
B-26030,50,25,5,Clothing,Stole,COD,2018-02-21,Sarita,Maharashtra,Pune,Sarita,CUST-246,50,10.0,2018,2,1,2018-02,Stole
B-26030,89,36,3,Clothing,Shirt,UPI,2018-02-21,Sarita,Maharashtra,Pune,Sarita,CUST-246,89,29.67,2018,2,1,2018-02,Shirt
B-26030,92,5,6,Clothing,Hankerchief,Credit Card,2018-02-21,Sarita,Maharashtra,Pune,Sarita,CUST-246,92,15.33,2018,2,1,2018-02,Hankerchief
B-26030,221,35,4,Electronics,Accessories,Debit Card,2018-02-21,Sarita,Maharashtra,Pune,Sarita,CUST-246,221,55.25,2018,2,1,2018-02,Accessories
B-26031,67,9,4,Clothing,Leggings,Debit Card,2018-02-22,Deepak,Madhya Pradesh,Bhopal,Deepak,CUST-080,67,16.75,2018,2,1,2018-02,Leggings
B-26032,47,15,5,Clothing,Saree,Debit Card,2018-02-22,Monisha,Rajasthan,Jaipur,Monisha,CUST-163,47,9.4,2018,2,1,2018-02,Saree
B-26033,774,170,3,Electronics,Accessories,COD,2018-02-22,Atharv,West Bengal,Kolkata,Atharv,CUST-057,774,258.0,2018,2,1,2018-02,Accessories
B-26033,143,32,1,Furniture,Bookcases,COD,2018-02-22,Atharv,West Bengal,Kolkata,Atharv,CUST-057,143,143.0,2018,2,1,2018-02,Bookcases
B-26033,111,35,5,Clothing,Shirt,COD,2018-02-22,Atharv,West Bengal,Kolkata,Atharv,CUST-057,111,22.2,2018,2,1,2018-02,Shirt
B-26034,425,183,5,Electronics,Accessories,UPI,2018-02-23,Vini,Karnataka,Bangalore,Vini,CUST-327,425,85.0,2018,2,1,2018-02,Accessories
B-26035,520,151,3,Electronics,Phones,Credit Card,2018-02-23,Pinky,Jammu and Kashmir,Kashmir,Pinky,CUST-202,520,173.33,2018,2,1,2018-02,Phones
B-26035,291,119,11,Clothing,Saree,COD,2018-02-23,Pinky,Jammu and Kashmir,Kashmir,Pinky,CUST-202,291,26.45,2018,2,1,2018-02,Saree
B-26035,369,15,3,Electronics,Electronic Games,Debit Card,2018-02-23,Pinky,Jammu and Kashmir,Kashmir,Pinky,CUST-202,369,123.0,2018,2,1,2018-02,Electronic Games
B-26036,341,44,7,Furniture,Furnishings,UPI,2018-02-23,Bhishm,Maharashtra,Mumbai,Bhishm,CUST-068,341,48.71,2018,2,1,2018-02,Furnishings
B-26037,171,68,7,Clothing,Stole,EMI,2018-02-23,Hitika,Madhya Pradesh,Indore,Hitika,CUST-110,171,24.43,2018,2,1,2018-02,Stole
B-26038,41,19,2,Clothing,T-shirt,Debit Card,2018-02-24,Pooja,Bihar,Patna,Pooja,CUST-205,41,20.5,2018,2,1,2018-02,T-shirt
B-26038,52,14,2,Clothing,Stole,COD,2018-02-24,Pooja,Bihar,Patna,Pooja,CUST-205,52,26.0,2018,2,1,2018-02,Stole
B-26038,130,61,3,Clothing,Shirt,Debit Card,2018-02-24,Pooja,Bihar,Patna,Pooja,CUST-205,130,43.33,2018,2,1,2018-02,Shirt
B-26038,30,6,1,Clothing,T-shirt,COD,2018-02-24,Pooja,Bihar,Patna,Pooja,CUST-205,30,30.0,2018,2,1,2018-02,T-shirt
B-26039,83,34,5,Clothing,Shirt,Debit Card,2018-02-25,Hemant,Kerala,Thiruvananthapuram,Hemant,CUST-108,83,16.6,2018,2,1,2018-02,Shirt
B-26040,38,9,2,Clothing,Stole,COD,2018-02-26,Sahil,Punjab,Chandigarh,Sahil,CUST-233,38,19.0,2018,2,1,2018-02,Stole
B-26040,113,24,4,Clothing,Hankerchief,Debit Card,2018-02-26,Sahil,Punjab,Chandigarh,Sahil,CUST-233,113,28.25,2018,2,1,2018-02,Hankerchief
B-26040,833,93,3,Clothing,Trousers,UPI,2018-02-26,Sahil,Punjab,Chandigarh,Sahil,CUST-233,833,277.67,2018,2,1,2018-02,Trousers
B-26041,176,-28,5,Furniture,Furnishings,COD,2018-02-27,Ritu,Haryana,Chandigarh,Ritu,CUST-226,176,35.2,2018,2,1,2018-02,Furnishings
B-26042,36,15,3,Clothing,Stole,UPI,2018-02-28,Manish,Himachal Pradesh,Simla,Manish,CUST-149,36,12.0,2018,2,1,2018-02,Stole
B-26043,79,5,6,Clothing,Hankerchief,Debit Card,2018-03-01,Amit,Sikkim,Gangtok,Amit,CUST-023,79,13.17,2018,3,1,2018-03,Hankerchief
B-26043,30,12,3,Clothing,Skirt,UPI,2018-03-01,Amit,Sikkim,Gangtok,Amit,CUST-023,30,10.0,2018,3,1,2018-03,Skirt
B-26043,185,48,4,Clothing,Stole,UPI,2018-03-01,Amit,Sikkim,Gangtok,Amit,CUST-023,185,46.25,2018,3,1,2018-03,Stole
B-26043,122,50,7,Clothing,Stole,UPI,2018-03-01,Amit,Sikkim,Gangtok,Amit,CUST-023,122,17.43,2018,3,1,2018-03,Stole
B-26043,62,28,5,Clothing,Hankerchief,UPI,2018-03-01,Amit,Sikkim,Gangtok,Amit,CUST-023,62,12.4,2018,3,1,2018-03,Hankerchief
B-26044,28,-10,3,Clothing,Skirt,COD,2018-03-02,Sanjay,Goa,Goa,Sanjay,CUST-241,28,9.33,2018,3,1,2018-03,Skirt
B-26045,376,0,7,Clothing,Stole,Credit Card,2018-03-03,Nidhi,Nagaland,Kohima,Nidhi,CUST-178,376,53.71,2018,3,1,2018-03,Stole
B-26045,302,75,6,Furniture,Furnishings,Debit Card,2018-03-03,Nidhi,Nagaland,Kohima,Nidhi,CUST-178,302,50.33,2018,3,1,2018-03,Furnishings
B-26045,179,77,1,Clothing,Saree,UPI,2018-03-03,Nidhi,Nagaland,Kohima,Nidhi,CUST-178,179,179.0,2018,3,1,2018-03,Saree
B-26045,27,5,1,Clothing,Stole,UPI,2018-03-03,Nidhi,Nagaland,Kohima,Nidhi,CUST-178,27,27.0,2018,3,1,2018-03,Stole
B-26046,32,3,8,Clothing,Hankerchief,COD,2018-03-04,Nishi,Maharashtra,Mumbai,Nishi,CUST-183,32,4.0,2018,3,1,2018-03,Hankerchief
B-26047,55,12,5,Clothing,Skirt,COD,2018-03-04,Ashmi,Madhya Pradesh,Indore,Ashmi,CUST-053,55,11.0,2018,3,1,2018-03,Skirt
B-26048,1461,202,5,Furniture,Tables,EMI,2018-03-04,Parth,Maharashtra,Pune,Parth,CUST-198,1461,292.2,2018,3,1,2018-03,Tables
B-26048,401,13,6,Furniture,Chairs,Credit Card,2018-03-04,Parth,Maharashtra,Pune,Parth,CUST-198,401,66.83,2018,3,1,2018-03,Chairs
B-26048,163,81,2,Electronics,Accessories,COD,2018-03-04,Parth,Maharashtra,Pune,Parth,CUST-198,163,81.5,2018,3,1,2018-03,Accessories
B-26048,1104,209,4,Clothing,Trousers,UPI,2018-03-04,Parth,Maharashtra,Pune,Parth,CUST-198,1104,276.0,2018,3,1,2018-03,Trousers
B-26049,100,28,2,Clothing,Hankerchief,UPI,2018-03-05,Lisha,Madhya Pradesh,Bhopal,Lisha,CUST-141,100,50.0,2018,3,1,2018-03,Hankerchief
B-26050,32,6,3,Clothing,Shirt,UPI,2018-03-06,Paridhi,Rajasthan,Jaipur,Paridhi,CUST-192,32,10.67,2018,3,1,2018-03,Shirt
B-26050,487,143,4,Electronics,Phones,EMI,2018-03-06,Paridhi,Rajasthan,Jaipur,Paridhi,CUST-192,487,121.75,2018,3,1,2018-03,Phones
B-26050,325,32,7,Clothing,T-shirt,COD,2018-03-06,Paridhi,Rajasthan,Jaipur,Paridhi,CUST-192,325,46.43,2018,3,1,2018-03,T-shirt
B-26050,79,32,3,Clothing,Saree,Debit Card,2018-03-06,Paridhi,Rajasthan,Jaipur,Paridhi,CUST-192,79,26.33,2018,3,1,2018-03,Saree
B-26050,166,27,2,Electronics,Accessories,EMI,2018-03-06,Paridhi,Rajasthan,Jaipur,Paridhi,CUST-192,166,83.0,2018,3,1,2018-03,Accessories
B-26050,169,55,4,Clothing,Saree,Debit Card,2018-03-06,Paridhi,Rajasthan,Jaipur,Paridhi,CUST-192,169,42.25,2018,3,1,2018-03,Saree
B-26050,284,44,6,Clothing,Hankerchief,COD,2018-03-06,Paridhi,Rajasthan,Jaipur,Paridhi,CUST-192,284,47.33,2018,3,1,2018-03,Hankerchief
B-26050,38,9,2,Clothing,Stole,COD,2018-03-06,Paridhi,Rajasthan,Jaipur,Paridhi,CUST-192,38,19.0,2018,3,1,2018-03,Stole
B-26050,382,92,2,Electronics,Printers,COD,2018-03-06,Paridhi,Rajasthan,Jaipur,Paridhi,CUST-192,382,191.0,2018,3,1,2018-03,Printers
B-26051,1337,147,7,Electronics,Printers,Credit Card,2018-03-07,Parishi,West Bengal,Kolkata,Parishi,CUST-194,1337,191.0,2018,3,1,2018-03,Printers
B-26051,490,88,2,Electronics,Accessories,EMI,2018-03-07,Parishi,West Bengal,Kolkata,Parishi,CUST-194,490,245.0,2018,3,1,2018-03,Accessories
B-26051,382,119,2,Clothing,Saree,Credit Card,2018-03-07,Parishi,West Bengal,Kolkata,Parishi,CUST-194,382,191.0,2018,3,1,2018-03,Saree
B-26051,216,50,4,Clothing,Stole,COD,2018-03-07,Parishi,West Bengal,Kolkata,Parishi,CUST-194,216,54.0,2018,3,1,2018-03,Stole
B-26051,85,24,10,Clothing,Hankerchief,Debit Card,2018-03-07,Parishi,West Bengal,Kolkata,Parishi,CUST-194,85,8.5,2018,3,1,2018-03,Hankerchief
B-26051,80,22,3,Clothing,Stole,UPI,2018-03-07,Parishi,West Bengal,Kolkata,Parishi,CUST-194,80,26.67,2018,3,1,2018-03,Stole
B-26051,669,74,5,Furniture,Bookcases,COD,2018-03-07,Parishi,West Bengal,Kolkata,Parishi,CUST-194,669,133.8,2018,3,1,2018-03,Bookcases
B-26051,184,85,6,Clothing,T-shirt,UPI,2018-03-07,Parishi,West Bengal,Kolkata,Parishi,CUST-194,184,30.67,2018,3,1,2018-03,T-shirt
B-26051,600,-102,5,Electronics,Electronic Games,Debit Card,2018-03-07,Parishi,West Bengal,Kolkata,Parishi,CUST-194,600,120.0,2018,3,1,2018-03,Electronic Games
B-26051,676,195,5,Furniture,Bookcases,Debit Card,2018-03-07,Parishi,West Bengal,Kolkata,Parishi,CUST-194,676,135.2,2018,3,1,2018-03,Bookcases
B-26052,774,170,3,Electronics,Accessories,COD,2018-03-08,Ajay,Karnataka,Bangalore,Ajay,CUST-013,774,258.0,2018,3,1,2018-03,Accessories
B-26052,78,-28,6,Clothing,Kurti,UPI,2018-03-08,Ajay,Karnataka,Bangalore,Ajay,CUST-013,78,13.0,2018,3,1,2018-03,Kurti
B-26052,145,0,3,Clothing,Saree,UPI,2018-03-08,Ajay,Karnataka,Bangalore,Ajay,CUST-013,145,48.33,2018,3,1,2018-03,Saree
B-26052,101,16,4,Clothing,T-shirt,COD,2018-03-08,Ajay,Karnataka,Bangalore,Ajay,CUST-013,101,25.25,2018,3,1,2018-03,T-shirt
B-26052,148,23,4,Clothing,Kurti,EMI,2018-03-08,Ajay,Karnataka,Bangalore,Ajay,CUST-013,148,37.0,2018,3,1,2018-03,Kurti
B-26052,25,7,2,Clothing,Stole,COD,2018-03-08,Ajay,Karnataka,Bangalore,Ajay,CUST-013,25,12.5,2018,3,1,2018-03,Stole
B-26052,15,1,1,Clothing,Shirt,COD,2018-03-08,Ajay,Karnataka,Bangalore,Ajay,CUST-013,15,15.0,2018,3,1,2018-03,Shirt
B-26053,594,89,3,Furniture,Bookcases,COD,2018-03-09,Kirti,Jammu and Kashmir,Kashmir,Kirti,CUST-132,594,198.0,2018,3,1,2018-03,Bookcases
B-26053,85,2,6,Clothing,Stole,COD,2018-03-09,Kirti,Jammu and Kashmir,Kashmir,Kirti,CUST-132,85,14.17,2018,3,1,2018-03,Stole
B-26053,246,61,2,Furniture,Bookcases,COD,2018-03-09,Kirti,Jammu and Kashmir,Kashmir,Kirti,CUST-132,246,123.0,2018,3,1,2018-03,Bookcases
B-26053,27,6,3,Clothing,Skirt,COD,2018-03-09,Kirti,Jammu and Kashmir,Kashmir,Kirti,CUST-132,27,9.0,2018,3,1,2018-03,Skirt
B-26053,162,55,3,Clothing,Stole,COD,2018-03-09,Kirti,Jammu and Kashmir,Kashmir,Kirti,CUST-132,162,54.0,2018,3,1,2018-03,Stole
B-26053,120,1,1,Furniture,Chairs,COD,2018-03-09,Kirti,Jammu and Kashmir,Kashmir,Kirti,CUST-132,120,120.0,2018,3,1,2018-03,Chairs
B-26053,93,31,3,Electronics,Accessories,UPI,2018-03-09,Kirti,Jammu and Kashmir,Kashmir,Kirti,CUST-132,93,31.0,2018,3,1,2018-03,Accessories
B-26053,425,208,7,Clothing,Saree,Debit Card,2018-03-09,Kirti,Jammu and Kashmir,Kashmir,Kirti,CUST-132,425,60.71,2018,3,1,2018-03,Saree
B-26053,17,1,2,Clothing,Skirt,Credit Card,2018-03-09,Kirti,Jammu and Kashmir,Kashmir,Kirti,CUST-132,17,8.5,2018,3,1,2018-03,Skirt
B-26054,246,98,5,Clothing,Hankerchief,COD,2018-03-10,Mayank,Maharashtra,Mumbai,Mayank,CUST-156,246,49.2,2018,3,1,2018-03,Hankerchief
B-26054,156,23,3,Clothing,Stole,COD,2018-03-10,Mayank,Maharashtra,Mumbai,Mayank,CUST-156,156,52.0,2018,3,1,2018-03,Stole
B-26054,88,19,2,Clothing,Shirt,Debit Card,2018-03-10,Mayank,Maharashtra,Mumbai,Mayank,CUST-156,88,44.0,2018,3,1,2018-03,Shirt
B-26054,139,21,3,Electronics,Accessories,COD,2018-03-10,Mayank,Maharashtra,Mumbai,Mayank,CUST-156,139,46.33,2018,3,1,2018-03,Accessories
B-26054,88,20,2,Clothing,Saree,COD,2018-03-10,Mayank,Maharashtra,Mumbai,Mayank,CUST-156,88,44.0,2018,3,1,2018-03,Saree
B-26054,138,11,5,Clothing,Stole,UPI,2018-03-10,Mayank,Maharashtra,Mumbai,Mayank,CUST-156,138,27.6,2018,3,1,2018-03,Stole
B-26054,139,36,3,Clothing,Stole,COD,2018-03-10,Mayank,Maharashtra,Mumbai,Mayank,CUST-156,139,46.33,2018,3,1,2018-03,Stole
B-26054,559,-174,2,Electronics,Electronic Games,Debit Card,2018-03-10,Mayank,Maharashtra,Mumbai,Mayank,CUST-156,559,279.5,2018,3,1,2018-03,Electronic Games
B-26055,5729,64,14,Furniture,Chairs,EMI,2018-03-10,Harivansh,Uttar Pradesh,Mathura,Harivansh,CUST-103,5729,409.21,2018,3,1,2018-03,Chairs
B-26055,671,114,9,Electronics,Phones,Credit Card,2018-03-10,Harivansh,Uttar Pradesh,Mathura,Harivansh,CUST-103,671,74.56,2018,3,1,2018-03,Phones
B-26055,443,11,1,Clothing,Saree,COD,2018-03-10,Harivansh,Uttar Pradesh,Mathura,Harivansh,CUST-103,443,443.0,2018,3,1,2018-03,Saree
B-26055,57,7,2,Clothing,Shirt,UPI,2018-03-10,Harivansh,Uttar Pradesh,Mathura,Harivansh,CUST-103,57,28.5,2018,3,1,2018-03,Shirt
B-26055,227,48,5,Clothing,Stole,COD,2018-03-10,Harivansh,Uttar Pradesh,Mathura,Harivansh,CUST-103,227,45.4,2018,3,1,2018-03,Stole
B-26055,213,4,14,Clothing,Shirt,COD,2018-03-10,Harivansh,Uttar Pradesh,Mathura,Harivansh,CUST-103,213,15.21,2018,3,1,2018-03,Shirt
B-26055,94,27,2,Clothing,T-shirt,COD,2018-03-10,Harivansh,Uttar Pradesh,Mathura,Harivansh,CUST-103,94,47.0,2018,3,1,2018-03,T-shirt
B-26055,1250,-12,2,Electronics,Printers,EMI,2018-03-10,Harivansh,Uttar Pradesh,Mathura,Harivansh,CUST-103,1250,625.0,2018,3,1,2018-03,Printers
B-26055,1218,-420,8,Furniture,Bookcases,COD,2018-03-10,Harivansh,Uttar Pradesh,Mathura,Harivansh,CUST-103,1218,152.25,2018,3,1,2018-03,Bookcases
B-26056,424,161,2,Clothing,Saree,COD,2018-03-10,Sonal,Bihar,Patna,Sonal,CUST-282,424,212.0,2018,3,1,2018-03,Saree
B-26056,15,6,2,Clothing,Hankerchief,COD,2018-03-10,Sonal,Bihar,Patna,Sonal,CUST-282,15,7.5,2018,3,1,2018-03,Hankerchief
B-26056,101,11,2,Clothing,Hankerchief,UPI,2018-03-10,Sonal,Bihar,Patna,Sonal,CUST-282,101,50.5,2018,3,1,2018-03,Hankerchief
B-26056,47,20,7,Clothing,Hankerchief,UPI,2018-03-10,Sonal,Bihar,Patna,Sonal,CUST-282,47,6.71,2018,3,1,2018-03,Hankerchief
B-26056,70,24,3,Clothing,Stole,UPI,2018-03-10,Sonal,Bihar,Patna,Sonal,CUST-282,70,23.33,2018,3,1,2018-03,Stole
B-26056,206,18,4,Clothing,Hankerchief,Debit Card,2018-03-10,Sonal,Bihar,Patna,Sonal,CUST-282,206,51.5,2018,3,1,2018-03,Hankerchief
B-26056,213,-145,3,Furniture,Bookcases,Debit Card,2018-03-10,Sonal,Bihar,Patna,Sonal,CUST-282,213,71.0,2018,3,1,2018-03,Bookcases
B-26056,220,40,2,Electronics,Accessories,COD,2018-03-10,Sonal,Bihar,Patna,Sonal,CUST-282,220,110.0,2018,3,1,2018-03,Accessories
B-26056,391,90,6,Electronics,Phones,Debit Card,2018-03-10,Sonal,Bihar,Patna,Sonal,CUST-282,391,65.17,2018,3,1,2018-03,Phones
B-26056,33,9,2,Clothing,Hankerchief,COD,2018-03-10,Sonal,Bihar,Patna,Sonal,CUST-282,33,16.5,2018,3,1,2018-03,Hankerchief
B-26056,31,9,2,Clothing,Hankerchief,COD,2018-03-10,Sonal,Bihar,Patna,Sonal,CUST-282,31,15.5,2018,3,1,2018-03,Hankerchief
B-26056,19,-18,4,Clothing,Kurti,COD,2018-03-10,Sonal,Bihar,Patna,Sonal,CUST-282,19,4.75,2018,3,1,2018-03,Kurti
B-26057,659,-37,2,Furniture,Bookcases,Credit Card,2018-03-10,Sharda,Kerala,Thiruvananthapuram,Sharda,CUST-253,659,329.5,2018,3,1,2018-03,Bookcases
B-26057,54,8,4,Clothing,T-shirt,Debit Card,2018-03-10,Sharda,Kerala,Thiruvananthapuram,Sharda,CUST-253,54,13.5,2018,3,1,2018-03,T-shirt
B-26057,224,87,3,Clothing,Trousers,COD,2018-03-10,Sharda,Kerala,Thiruvananthapuram,Sharda,CUST-253,224,74.67,2018,3,1,2018-03,Trousers
B-26057,736,346,5,Electronics,Printers,COD,2018-03-10,Sharda,Kerala,Thiruvananthapuram,Sharda,CUST-253,736,147.2,2018,3,1,2018-03,Printers
B-26058,212,97,7,Clothing,Hankerchief,COD,2018-03-11,Aditya,Punjab,Chandigarh,Aditya,CUST-011,212,30.29,2018,3,1,2018-03,Hankerchief
B-26059,20,6,1,Clothing,T-shirt,COD,2018-03-12,Rachna,Haryana,Chandigarh,Rachna,CUST-218,20,20.0,2018,3,1,2018-03,T-shirt
B-26060,382,68,3,Clothing,Saree,COD,2018-03-13,Chirag,Maharashtra,Mumbai,Chirag,CUST-077,382,127.33,2018,3,1,2018-03,Saree
B-26061,965,-68,3,Electronics,Printers,COD,2018-03-14,Anurag,Madhya Pradesh,Indore,Anurag,CUST-040,965,321.67,2018,3,1,2018-03,Printers
B-26061,27,8,2,Clothing,T-shirt,Debit Card,2018-03-14,Anurag,Madhya Pradesh,Indore,Anurag,CUST-040,27,13.5,2018,3,1,2018-03,T-shirt
B-26061,206,12,1,Electronics,Printers,Credit Card,2018-03-14,Anurag,Madhya Pradesh,Indore,Anurag,CUST-040,206,206.0,2018,3,1,2018-03,Printers
B-26061,109,52,2,Clothing,Stole,UPI,2018-03-14,Anurag,Madhya Pradesh,Indore,Anurag,CUST-040,109,54.5,2018,3,1,2018-03,Stole
B-26061,508,203,2,Electronics,Accessories,Debit Card,2018-03-14,Anurag,Madhya Pradesh,Indore,Anurag,CUST-040,508,254.0,2018,3,1,2018-03,Accessories
B-26061,642,180,5,Clothing,Saree,COD,2018-03-14,Anurag,Madhya Pradesh,Indore,Anurag,CUST-040,642,128.4,2018,3,1,2018-03,Saree
B-26062,44,-40,3,Clothing,Stole,COD,2018-03-15,Tushina,Goa,Goa,Tushina,CUST-317,44,14.67,2018,3,1,2018-03,Stole
B-26062,50,-17,2,Clothing,Stole,COD,2018-03-15,Tushina,Goa,Goa,Tushina,CUST-317,50,25.0,2018,3,1,2018-03,Stole
B-26062,13,-2,1,Clothing,Stole,COD,2018-03-15,Tushina,Goa,Goa,Tushina,CUST-317,13,13.0,2018,3,1,2018-03,Stole
B-26063,241,-77,4,Electronics,Electronic Games,COD,2018-03-15,Farah,Nagaland,Kohima,Farah,CUST-095,241,60.25,2018,3,1,2018-03,Electronic Games
B-26064,61,3,4,Clothing,Hankerchief,COD,2018-03-16,Ankita,Maharashtra,Mumbai,Ankita,CUST-035,61,15.25,2018,3,1,2018-03,Hankerchief
B-26064,75,2,5,Clothing,Leggings,Debit Card,2018-03-16,Ankita,Maharashtra,Mumbai,Ankita,CUST-035,75,15.0,2018,3,1,2018-03,Leggings
B-26064,122,38,6,Clothing,T-shirt,Credit Card,2018-03-16,Ankita,Maharashtra,Mumbai,Ankita,CUST-035,122,20.33,2018,3,1,2018-03,T-shirt
B-26064,179,0,2,Clothing,Saree,Debit Card,2018-03-16,Ankita,Maharashtra,Mumbai,Ankita,CUST-035,179,89.5,2018,3,1,2018-03,Saree
B-26065,146,19,5,Clothing,Stole,COD,2018-03-16,Nida,Madhya Pradesh,Indore,Nida,CUST-177,146,29.2,2018,3,1,2018-03,Stole
B-26066,86,22,2,Clothing,Saree,Debit Card,2018-03-16,Priyanka,Maharashtra,Pune,Priyanka,CUST-216,86,43.0,2018,3,1,2018-03,Saree
B-26067,1137,-14,7,Electronics,Printers,EMI,2018-03-16,Tulika,Madhya Pradesh,Bhopal,Tulika,CUST-315,1137,162.43,2018,3,1,2018-03,Printers
B-26067,1120,199,6,Clothing,Saree,EMI,2018-03-16,Tulika,Madhya Pradesh,Bhopal,Tulika,CUST-315,1120,186.67,2018,3,1,2018-03,Saree
B-26067,53,2,4,Clothing,Hankerchief,COD,2018-03-16,Tulika,Madhya Pradesh,Bhopal,Tulika,CUST-315,53,13.25,2018,3,1,2018-03,Hankerchief
B-26067,618,27,4,Furniture,Bookcases,Credit Card,2018-03-16,Tulika,Madhya Pradesh,Bhopal,Tulika,CUST-315,618,154.5,2018,3,1,2018-03,Bookcases
B-26067,67,2,4,Clothing,T-shirt,UPI,2018-03-16,Tulika,Madhya Pradesh,Bhopal,Tulika,CUST-315,67,16.75,2018,3,1,2018-03,T-shirt
B-26068,193,33,5,Electronics,Accessories,COD,2018-03-16,Shefali,Rajasthan,Jaipur,Shefali,CUST-257,193,38.6,2018,3,1,2018-03,Accessories
B-26069,55,18,2,Clothing,Kurti,COD,2018-03-17,Sanskriti,West Bengal,Kolkata,Sanskriti,CUST-244,55,27.5,2018,3,1,2018-03,Kurti
B-26070,582,262,5,Furniture,Furnishings,COD,2018-03-18,Shruti,Karnataka,Bangalore,Shruti,CUST-270,582,116.4,2018,3,1,2018-03,Furnishings
B-26070,75,29,1,Clothing,Trousers,UPI,2018-03-18,Shruti,Karnataka,Bangalore,Shruti,CUST-270,75,75.0,2018,3,1,2018-03,Trousers
B-26070,54,12,4,Clothing,Shirt,COD,2018-03-18,Shruti,Karnataka,Bangalore,Shruti,CUST-270,54,13.5,2018,3,1,2018-03,Shirt
B-26070,14,7,2,Clothing,Hankerchief,UPI,2018-03-18,Shruti,Karnataka,Bangalore,Shruti,CUST-270,14,7.0,2018,3,1,2018-03,Hankerchief
B-26071,21,4,3,Clothing,Hankerchief,Credit Card,2018-03-19,Subhashree,Jammu and Kashmir,Kashmir,Subhashree,CUST-288,21,7.0,2018,3,1,2018-03,Hankerchief
B-26072,313,44,3,Electronics,Electronic Games,COD,2018-03-20,Sweta,Maharashtra,Mumbai,Sweta,CUST-305,313,104.33,2018,3,1,2018-03,Electronic Games
B-26073,37,17,3,Clothing,Hankerchief,Debit Card,2018-03-21,Pournamasi,Madhya Pradesh,Indore,Pournamasi,CUST-206,37,12.33,2018,3,1,2018-03,Hankerchief
B-26073,122,11,4,Clothing,Hankerchief,COD,2018-03-21,Pournamasi,Madhya Pradesh,Indore,Pournamasi,CUST-206,122,30.5,2018,3,1,2018-03,Hankerchief
B-26073,290,110,9,Clothing,Stole,UPI,2018-03-21,Pournamasi,Madhya Pradesh,Indore,Pournamasi,CUST-206,290,32.22,2018,3,1,2018-03,Stole
B-26073,29,9,3,Clothing,Saree,UPI,2018-03-21,Pournamasi,Madhya Pradesh,Indore,Pournamasi,CUST-206,29,9.67,2018,3,1,2018-03,Saree
B-26073,1514,742,4,Electronics,Printers,EMI,2018-03-21,Pournamasi,Madhya Pradesh,Indore,Pournamasi,CUST-206,1514,378.5,2018,3,1,2018-03,Printers
B-26074,57,21,4,Clothing,Leggings,COD,2018-03-21,Bharat,Gujarat,Ahmedabad,Bharat,CUST-064,57,14.25,2018,3,1,2018-03,Leggings
B-26075,34,12,2,Clothing,Stole,COD,2018-03-21,Pearl,Maharashtra,Pune,Pearl,CUST-200,34,17.0,2018,3,1,2018-03,Stole
B-26076,219,4,2,Clothing,Saree,COD,2018-03-21,Jahan,Madhya Pradesh,Bhopal,Jahan,CUST-115,219,109.5,2018,3,1,2018-03,Saree
B-26076,91,22,2,Clothing,Stole,UPI,2018-03-21,Jahan,Madhya Pradesh,Bhopal,Jahan,CUST-115,91,45.5,2018,3,1,2018-03,Stole
B-26076,133,46,5,Clothing,Shirt,EMI,2018-03-21,Jahan,Madhya Pradesh,Bhopal,Jahan,CUST-115,133,26.6,2018,3,1,2018-03,Shirt
B-26076,60,13,2,Clothing,T-shirt,COD,2018-03-21,Jahan,Madhya Pradesh,Bhopal,Jahan,CUST-115,60,30.0,2018,3,1,2018-03,T-shirt
B-26076,450,-190,4,Furniture,Bookcases,COD,2018-03-21,Jahan,Madhya Pradesh,Bhopal,Jahan,CUST-115,450,112.5,2018,3,1,2018-03,Bookcases
B-26077,62,11,7,Clothing,Hankerchief,UPI,2018-03-22,Divsha,Rajasthan,Jaipur,Divsha,CUST-087,62,8.86,2018,3,1,2018-03,Hankerchief
B-26078,557,-111,2,Electronics,Electronic Games,COD,2018-03-22,Kasheen,West Bengal,Kolkata,Kasheen,CUST-130,557,278.5,2018,3,1,2018-03,Electronic Games
B-26078,44,20,2,Clothing,T-shirt,UPI,2018-03-22,Kasheen,West Bengal,Kolkata,Kasheen,CUST-130,44,22.0,2018,3,1,2018-03,T-shirt
B-26078,137,63,3,Clothing,Stole,COD,2018-03-22,Kasheen,West Bengal,Kolkata,Kasheen,CUST-130,137,45.67,2018,3,1,2018-03,Stole
B-26078,17,8,2,Clothing,Skirt,COD,2018-03-22,Kasheen,West Bengal,Kolkata,Kasheen,CUST-130,17,8.5,2018,3,1,2018-03,Skirt
B-26079,18,3,2,Clothing,Hankerchief,Debit Card,2018-03-22,Hazel,Karnataka,Bangalore,Hazel,CUST-106,18,9.0,2018,3,1,2018-03,Hankerchief
B-26080,109,35,6,Clothing,T-shirt,COD,2018-03-22,Sonakshi,Jammu and Kashmir,Kashmir,Sonakshi,CUST-281,109,18.17,2018,3,1,2018-03,T-shirt
B-26081,24,11,3,Clothing,Hankerchief,Debit Card,2018-03-22,Aarushi,Tamil Nadu,Chennai,Aarushi,CUST-002,24,8.0,2018,3,1,2018-03,Hankerchief
B-26081,169,0,3,Electronics,Accessories,COD,2018-03-22,Aarushi,Tamil Nadu,Chennai,Aarushi,CUST-002,169,56.33,2018,3,1,2018-03,Accessories
B-26081,359,-338,5,Furniture,Bookcases,COD,2018-03-22,Aarushi,Tamil Nadu,Chennai,Aarushi,CUST-002,359,71.8,2018,3,1,2018-03,Bookcases
B-26081,93,-84,3,Clothing,Saree,UPI,2018-03-22,Aarushi,Tamil Nadu,Chennai,Aarushi,CUST-002,93,31.0,2018,3,1,2018-03,Saree
B-26081,79,33,4,Clothing,Stole,UPI,2018-03-22,Aarushi,Tamil Nadu,Chennai,Aarushi,CUST-002,79,19.75,2018,3,1,2018-03,Stole
B-26081,637,50,5,Clothing,Saree,COD,2018-03-22,Aarushi,Tamil Nadu,Chennai,Aarushi,CUST-002,637,127.4,2018,3,1,2018-03,Saree
B-26082,95,5,2,Clothing,Stole,UPI,2018-03-23,Jitesh,Uttar Pradesh,Lucknow,Jitesh,CUST-122,95,47.5,2018,3,1,2018-03,Stole
B-26083,43,8,3,Clothing,Leggings,COD,2018-03-24,Yogesh,Bihar,Patna,Yogesh,CUST-335,43,14.33,2018,3,1,2018-03,Leggings
B-26083,45,17,1,Electronics,Accessories,COD,2018-03-24,Yogesh,Bihar,Patna,Yogesh,CUST-335,45,45.0,2018,3,1,2018-03,Accessories
B-26083,143,6,2,Electronics,Accessories,UPI,2018-03-24,Yogesh,Bihar,Patna,Yogesh,CUST-335,143,71.5,2018,3,1,2018-03,Accessories
B-26083,145,16,3,Clothing,T-shirt,Debit Card,2018-03-24,Yogesh,Bihar,Patna,Yogesh,CUST-335,145,48.33,2018,3,1,2018-03,T-shirt
B-26083,34,3,3,Clothing,Saree,COD,2018-03-24,Yogesh,Bihar,Patna,Yogesh,CUST-335,34,11.33,2018,3,1,2018-03,Saree
B-26084,209,-63,4,Electronics,Electronic Games,COD,2018-03-25,Anita,Kerala,Thiruvananthapuram,Anita,CUST-032,209,52.25,2018,3,1,2018-03,Electronic Games
B-26085,1487,624,3,Clothing,Trousers,Credit Card,2018-03-26,Shrichand,Punjab,Chandigarh,Shrichand,CUST-269,1487,495.67,2018,3,1,2018-03,Trousers
B-26085,132,-10,3,Clothing,Saree,COD,2018-03-26,Shrichand,Punjab,Chandigarh,Shrichand,CUST-269,132,44.0,2018,3,1,2018-03,Saree
B-26085,86,22,2,Clothing,Saree,COD,2018-03-26,Shrichand,Punjab,Chandigarh,Shrichand,CUST-269,86,43.0,2018,3,1,2018-03,Saree
B-26085,40,17,2,Clothing,Stole,COD,2018-03-26,Shrichand,Punjab,Chandigarh,Shrichand,CUST-269,40,20.0,2018,3,1,2018-03,Stole
B-26086,762,101,6,Electronics,Printers,COD,2018-03-26,Mukesh,Haryana,Chandigarh,Mukesh,CUST-170,762,127.0,2018,3,1,2018-03,Printers
B-26086,25,2,2,Clothing,Hankerchief,Debit Card,2018-03-26,Mukesh,Haryana,Chandigarh,Mukesh,CUST-170,25,12.5,2018,3,1,2018-03,Hankerchief
B-26086,43,17,2,Clothing,T-shirt,UPI,2018-03-26,Mukesh,Haryana,Chandigarh,Mukesh,CUST-170,43,21.5,2018,3,1,2018-03,T-shirt
B-26087,180,0,8,Clothing,Stole,COD,2018-03-26,Vandana,Himachal Pradesh,Simla,Vandana,CUST-323,180,22.5,2018,3,1,2018-03,Stole
B-26087,311,40,1,Electronics,Electronic Games,EMI,2018-03-26,Vandana,Himachal Pradesh,Simla,Vandana,CUST-323,311,311.0,2018,3,1,2018-03,Electronic Games
B-26087,119,56,7,Clothing,Saree,EMI,2018-03-26,Vandana,Himachal Pradesh,Simla,Vandana,CUST-323,119,17.0,2018,3,1,2018-03,Saree
B-26087,46,13,3,Clothing,Hankerchief,COD,2018-03-26,Vandana,Himachal Pradesh,Simla,Vandana,CUST-323,46,15.33,2018,3,1,2018-03,Hankerchief
B-26087,40,10,2,Clothing,Stole,COD,2018-03-26,Vandana,Himachal Pradesh,Simla,Vandana,CUST-323,40,20.0,2018,3,1,2018-03,Stole
B-26088,11,5,2,Clothing,Hankerchief,UPI,2018-03-26,Bhavna,Sikkim,Gangtok,Bhavna,CUST-066,11,5.5,2018,3,1,2018-03,Hankerchief
B-26089,27,4,1,Clothing,Hankerchief,COD,2018-03-26,Kanak,Goa,Goa,Kanak,CUST-126,27,27.0,2018,3,1,2018-03,Hankerchief
B-26089,59,24,6,Clothing,Kurti,Debit Card,2018-03-26,Kanak,Goa,Goa,Kanak,CUST-126,59,9.83,2018,3,1,2018-03,Kurti
B-26089,139,14,3,Clothing,Kurti,COD,2018-03-26,Kanak,Goa,Goa,Kanak,CUST-126,139,46.33,2018,3,1,2018-03,Kurti
B-26090,80,22,3,Clothing,Stole,EMI,2018-03-27,Sagar,Nagaland,Kohima,Sagar,CUST-232,80,26.67,2018,3,1,2018-03,Stole
B-26091,29,10,4,Clothing,Hankerchief,UPI,2018-03-27,Manju,Andhra Pradesh,Hyderabad,Manju,CUST-152,29,7.25,2018,3,1,2018-03,Hankerchief
B-26091,158,69,3,Clothing,Stole,EMI,2018-03-27,Manju,Andhra Pradesh,Hyderabad,Manju,CUST-152,158,52.67,2018,3,1,2018-03,Stole
B-26091,59,10,4,Clothing,Leggings,COD,2018-03-27,Manju,Andhra Pradesh,Hyderabad,Manju,CUST-152,59,14.75,2018,3,1,2018-03,Leggings
B-26092,97,14,2,Clothing,T-shirt,Credit Card,2018-03-27,Ramesh,Gujarat,Ahmedabad,Ramesh,CUST-221,97,48.5,2018,3,1,2018-03,T-shirt
B-26093,2847,712,8,Electronics,Printers,Credit Card,2018-03-27,Sarita,Maharashtra,Pune,Sarita,CUST-246,2847,355.88,2018,3,1,2018-03,Printers
B-26093,852,51,5,Furniture,Bookcases,Credit Card,2018-03-27,Sarita,Maharashtra,Pune,Sarita,CUST-246,852,170.4,2018,3,1,2018-03,Bookcases
B-26093,148,25,3,Clothing,Saree,Debit Card,2018-03-27,Sarita,Maharashtra,Pune,Sarita,CUST-246,148,49.33,2018,3,1,2018-03,Saree
B-26093,81,-41,5,Clothing,Leggings,EMI,2018-03-27,Sarita,Maharashtra,Pune,Sarita,CUST-246,81,16.2,2018,3,1,2018-03,Leggings
B-26093,49,5,4,Clothing,Hankerchief,COD,2018-03-27,Sarita,Maharashtra,Pune,Sarita,CUST-246,49,12.25,2018,3,1,2018-03,Hankerchief
B-26093,33,-1,1,Clothing,Saree,Credit Card,2018-03-27,Sarita,Maharashtra,Pune,Sarita,CUST-246,33,33.0,2018,3,1,2018-03,Saree
B-26093,492,187,2,Electronics,Accessories,UPI,2018-03-27,Sarita,Maharashtra,Pune,Sarita,CUST-246,492,246.0,2018,3,1,2018-03,Accessories
B-26094,152,50,6,Clothing,Stole,COD,2018-03-27,Deepak,Madhya Pradesh,Bhopal,Deepak,CUST-080,152,25.33,2018,3,1,2018-03,Stole
B-26095,6,1,1,Clothing,Kurti,UPI,2018-03-28,Monisha,Rajasthan,Jaipur,Monisha,CUST-163,6,6.0,2018,3,1,2018-03,Kurti
B-26096,451,25,3,Electronics,Phones,EMI,2018-03-28,Atharv,West Bengal,Kolkata,Atharv,CUST-057,451,150.33,2018,3,1,2018-03,Phones
B-26096,264,-26,3,Clothing,Trousers,COD,2018-03-28,Atharv,West Bengal,Kolkata,Atharv,CUST-057,264,88.0,2018,3,1,2018-03,Trousers
B-26096,45,9,3,Clothing,Leggings,UPI,2018-03-28,Atharv,West Bengal,Kolkata,Atharv,CUST-057,45,15.0,2018,3,1,2018-03,Leggings
B-26096,88,11,3,Electronics,Accessories,COD,2018-03-28,Atharv,West Bengal,Kolkata,Atharv,CUST-057,88,29.33,2018,3,1,2018-03,Accessories
B-26096,140,56,4,Clothing,Shirt,UPI,2018-03-28,Atharv,West Bengal,Kolkata,Atharv,CUST-057,140,35.0,2018,3,1,2018-03,Shirt
B-26096,103,46,2,Clothing,Saree,Credit Card,2018-03-28,Atharv,West Bengal,Kolkata,Atharv,CUST-057,103,51.5,2018,3,1,2018-03,Saree
B-26097,663,-212,5,Electronics,Printers,UPI,2018-03-28,Vini,Karnataka,Bangalore,Vini,CUST-327,663,132.6,2018,3,1,2018-03,Printers
B-26097,671,-309,5,Electronics,Electronic Games,COD,2018-03-28,Vini,Karnataka,Bangalore,Vini,CUST-327,671,134.2,2018,3,1,2018-03,Electronic Games
B-26097,185,-26,6,Furniture,Chairs,COD,2018-03-28,Vini,Karnataka,Bangalore,Vini,CUST-327,185,30.83,2018,3,1,2018-03,Chairs
B-26097,97,12,2,Clothing,Hankerchief,UPI,2018-03-28,Vini,Karnataka,Bangalore,Vini,CUST-327,97,48.5,2018,3,1,2018-03,Hankerchief
B-26097,39,-18,2,Clothing,Leggings,Credit Card,2018-03-28,Vini,Karnataka,Bangalore,Vini,CUST-327,39,19.5,2018,3,1,2018-03,Leggings
B-26097,19,8,2,Clothing,Hankerchief,Credit Card,2018-03-28,Vini,Karnataka,Bangalore,Vini,CUST-327,19,9.5,2018,3,1,2018-03,Hankerchief
B-26097,14,5,1,Clothing,Hankerchief,UPI,2018-03-28,Vini,Karnataka,Bangalore,Vini,CUST-327,14,14.0,2018,3,1,2018-03,Hankerchief
B-26098,96,-48,5,Clothing,Leggings,UPI,2018-03-29,Pinky,Jammu and Kashmir,Kashmir,Pinky,CUST-202,96,19.2,2018,3,1,2018-03,Leggings
B-26098,409,86,3,Clothing,Saree,COD,2018-03-29,Pinky,Jammu and Kashmir,Kashmir,Pinky,CUST-202,409,136.33,2018,3,1,2018-03,Saree
B-26098,46,14,5,Clothing,Skirt,COD,2018-03-29,Pinky,Jammu and Kashmir,Kashmir,Pinky,CUST-202,46,9.2,2018,3,1,2018-03,Skirt
B-26098,59,15,2,Clothing,T-shirt,UPI,2018-03-29,Pinky,Jammu and Kashmir,Kashmir,Pinky,CUST-202,59,29.5,2018,3,1,2018-03,T-shirt
B-26098,82,8,3,Electronics,Accessories,EMI,2018-03-29,Pinky,Jammu and Kashmir,Kashmir,Pinky,CUST-202,82,27.33,2018,3,1,2018-03,Accessories
B-26098,497,179,3,Furniture,Chairs,Debit Card,2018-03-29,Pinky,Jammu and Kashmir,Kashmir,Pinky,CUST-202,497,165.67,2018,3,1,2018-03,Chairs
B-26099,207,37,4,Clothing,Hankerchief,COD,2018-03-30,Bhishm,Maharashtra,Mumbai,Bhishm,CUST-068,207,51.75,2018,3,1,2018-03,Hankerchief
B-26099,835,267,5,Electronics,Phones,Debit Card,2018-03-30,Bhishm,Maharashtra,Mumbai,Bhishm,CUST-068,835,167.0,2018,3,1,2018-03,Phones
B-26099,2366,552,5,Clothing,Trousers,UPI,2018-03-30,Bhishm,Maharashtra,Mumbai,Bhishm,CUST-068,2366,473.2,2018,3,1,2018-03,Trousers
B-26099,9,3,1,Clothing,Skirt,COD,2018-03-30,Bhishm,Maharashtra,Mumbai,Bhishm,CUST-068,9,9.0,2018,3,1,2018-03,Skirt
B-26100,828,230,2,Furniture,Chairs,COD,2018-03-31,Hitika,Madhya Pradesh,Indore,Hitika,CUST-110,828,414.0,2018,3,1,2018-03,Chairs
B-26100,34,10,2,Clothing,T-shirt,Debit Card,2018-03-31,Hitika,Madhya Pradesh,Indore,Hitika,CUST-110,34,17.0,2018,3,1,2018-03,T-shirt
B-26100,72,16,2,Clothing,Shirt,COD,2018-03-31,Hitika,Madhya Pradesh,Indore,Hitika,CUST-110,72,36.0,2018,3,1,2018-03,Shirt
B-25601,80,-56,4,Electronics,Electronic Games,UPI,2018-04-01,Bharat,Gujarat,Ahmedabad,Bharat,CUST-064,80,20.0,2018,4,2,2018-04,Electronic Games
B-25601,66,-12,5,Clothing,Stole,UPI,2018-04-01,Bharat,Gujarat,Ahmedabad,Bharat,CUST-064,66,13.2,2018,4,2,2018-04,Stole
B-25601,1275,1148,7,Furniture,Bookcases,EMI,2018-04-01,Bharat,Gujarat,Ahmedabad,Bharat,CUST-064,1275,182.14,2018,4,2,2018-04,Bookcases
B-25601,8,-2,3,Clothing,Hankerchief,Credit Card,2018-04-01,Bharat,Gujarat,Ahmedabad,Bharat,CUST-064,8,2.67,2018,4,2,2018-04,Hankerchief
B-25602,2617,1151,4,Electronics,Phones,Credit Card,2018-04-01,Vrinda,Maharashtra,Pune,Vrinda,CUST-331,2617,654.25,2018,4,2,2018-04,Phones
B-25602,561,212,3,Clothing,Saree,COD,2018-04-01,Vrinda,Maharashtra,Pune,Vrinda,CUST-331,561,187.0,2018,4,2,2018-04,Saree
B-25602,424,-272,5,Electronics,Phones,COD,2018-04-01,Vrinda,Maharashtra,Pune,Vrinda,CUST-331,424,84.8,2018,4,2,2018-04,Phones
B-25602,168,-111,2,Electronics,Phones,EMI,2018-04-01,Vrinda,Maharashtra,Pune,Vrinda,CUST-331,168,84.0,2018,4,2,2018-04,Phones
B-25602,119,-5,8,Clothing,Saree,Credit Card,2018-04-01,Vrinda,Maharashtra,Pune,Vrinda,CUST-331,119,14.88,2018,4,2,2018-04,Saree
B-25603,12,1,2,Clothing,Hankerchief,COD,2018-04-03,Jahan,Madhya Pradesh,Bhopal,Jahan,CUST-115,12,6.0,2018,4,2,2018-04,Hankerchief
B-25603,107,36,6,Clothing,Stole,COD,2018-04-03,Jahan,Madhya Pradesh,Bhopal,Jahan,CUST-115,107,17.83,2018,4,2,2018-04,Stole
B-25603,116,16,4,Clothing,Stole,COD,2018-04-03,Jahan,Madhya Pradesh,Bhopal,Jahan,CUST-115,116,29.0,2018,4,2,2018-04,Stole
B-25603,180,5,3,Clothing,Trousers,Debit Card,2018-04-03,Jahan,Madhya Pradesh,Bhopal,Jahan,CUST-115,180,60.0,2018,4,2,2018-04,Trousers
B-25603,193,-166,3,Clothing,Saree,EMI,2018-04-03,Jahan,Madhya Pradesh,Bhopal,Jahan,CUST-115,193,64.33,2018,4,2,2018-04,Saree
B-25603,38,18,1,Clothing,Kurti,COD,2018-04-03,Jahan,Madhya Pradesh,Bhopal,Jahan,CUST-115,38,38.0,2018,4,2,2018-04,Kurti
B-25603,24,-30,1,Furniture,Chairs,COD,2018-04-03,Jahan,Madhya Pradesh,Bhopal,Jahan,CUST-115,24,24.0,2018,4,2,2018-04,Chairs
B-25603,1355,-60,5,Clothing,Trousers,COD,2018-04-03,Jahan,Madhya Pradesh,Bhopal,Jahan,CUST-115,1355,271.0,2018,4,2,2018-04,Trousers
B-25604,65,17,2,Clothing,T-shirt,UPI,2018-04-03,Divsha,Rajasthan,Jaipur,Divsha,CUST-087,65,32.5,2018,4,2,2018-04,T-shirt
B-25604,157,5,9,Clothing,Saree,UPI,2018-04-03,Divsha,Rajasthan,Jaipur,Divsha,CUST-087,157,17.44,2018,4,2,2018-04,Saree
B-25605,75,0,7,Clothing,Saree,EMI,2018-04-05,Kasheen,West Bengal,Kolkata,Kasheen,CUST-130,75,10.71,2018,4,2,2018-04,Saree
B-25606,87,4,2,Clothing,Shirt,COD,2018-04-06,Hazel,Karnataka,Bangalore,Hazel,CUST-106,87,43.5,2018,4,2,2018-04,Shirt
B-25607,50,-15,4,Clothing,Leggings,COD,2018-04-06,Sonakshi,Jammu and Kashmir,Kashmir,Sonakshi,CUST-281,50,12.5,2018,4,2,2018-04,Leggings
B-25608,1364,1864,5,Furniture,Tables,Credit Card,2018-04-08,Aarushi,Tamil Nadu,Chennai,Aarushi,CUST-002,1364,272.8,2018,4,2,2018-04,Tables
B-25608,476,0,3,Furniture,Chairs,COD,2018-04-08,Aarushi,Tamil Nadu,Chennai,Aarushi,CUST-002,476,158.67,2018,4,2,2018-04,Chairs
B-25608,257,23,5,Clothing,Hankerchief,COD,2018-04-08,Aarushi,Tamil Nadu,Chennai,Aarushi,CUST-002,257,51.4,2018,4,2,2018-04,Hankerchief
B-25608,856,385,6,Electronics,Printers,COD,2018-04-08,Aarushi,Tamil Nadu,Chennai,Aarushi,CUST-002,856,142.67,2018,4,2,2018-04,Printers
B-25609,485,29,4,Electronics,Electronic Games,COD,2018-04-09,Jitesh,Uttar Pradesh,Lucknow,Jitesh,CUST-122,485,121.25,2018,4,2,2018-04,Electronic Games
B-25609,249,-5,4,Clothing,Saree,COD,2018-04-09,Jitesh,Uttar Pradesh,Lucknow,Jitesh,CUST-122,249,62.25,2018,4,2,2018-04,Saree
B-25610,43,0,3,Clothing,Saree,Debit Card,2018-04-09,Yogesh,Bihar,Patna,Yogesh,CUST-335,43,14.33,2018,4,2,2018-04,Saree
B-25610,68,-55,5,Electronics,Accessories,UPI,2018-04-09,Yogesh,Bihar,Patna,Yogesh,CUST-335,68,13.6,2018,4,2,2018-04,Accessories
B-25610,107,-54,4,Clothing,Stole,EMI,2018-04-09,Yogesh,Bihar,Patna,Yogesh,CUST-335,107,26.75,2018,4,2,2018-04,Stole
B-25610,30,-5,2,Furniture,Furnishings,COD,2018-04-09,Yogesh,Bihar,Patna,Yogesh,CUST-335,30,15.0,2018,4,2,2018-04,Furnishings
B-25610,781,594,6,Electronics,Printers,Debit Card,2018-04-09,Yogesh,Bihar,Patna,Yogesh,CUST-335,781,130.17,2018,4,2,2018-04,Printers
B-25610,1076,-38,4,Electronics,Printers,COD,2018-04-09,Yogesh,Bihar,Patna,Yogesh,CUST-335,1076,269.0,2018,4,2,2018-04,Printers
B-25611,160,-59,2,Clothing,Saree,EMI,2018-04-11,Anita,Kerala,Thiruvananthapuram,Anita,CUST-032,160,80.0,2018,4,2,2018-04,Saree
B-25612,259,-55,2,Furniture,Chairs,COD,2018-04-12,Shrichand,Punjab,Chandigarh,Shrichand,CUST-269,259,129.5,2018,4,2,2018-04,Chairs
B-25613,1603,0,9,Clothing,Saree,Credit Card,2018-04-12,Mohan,Haryana,Chandigarh,Mohan,CUST-161,1603,178.11,2018,4,2,2018-04,Saree
B-25614,98,-12,2,Electronics,Electronic Games,Credit Card,2018-04-13,Vandana,Himachal Pradesh,Simla,Vandana,CUST-323,98,49.0,2018,4,2,2018-04,Electronic Games
B-25614,494,54,4,Furniture,Bookcases,COD,2018-04-13,Vandana,Himachal Pradesh,Simla,Vandana,CUST-323,494,123.5,2018,4,2,2018-04,Bookcases
B-25615,68,20,5,Clothing,Hankerchief,Debit Card,2018-04-15,Bhavna,Sikkim,Gangtok,Bhavna,CUST-066,68,13.6,2018,4,2,2018-04,Hankerchief
B-25616,14,-2,3,Clothing,Hankerchief,UPI,2018-04-15,Kanak,Goa,Goa,Kanak,CUST-126,14,4.67,2018,4,2,2018-04,Hankerchief
B-25616,116,-56,5,Clothing,Stole,Credit Card,2018-04-15,Kanak,Goa,Goa,Kanak,CUST-126,116,23.2,2018,4,2,2018-04,Stole
B-25616,42,12,5,Clothing,Hankerchief,COD,2018-04-15,Kanak,Goa,Goa,Kanak,CUST-126,42,8.4,2018,4,2,2018-04,Hankerchief
B-25616,22,-2,3,Clothing,Hankerchief,COD,2018-04-15,Kanak,Goa,Goa,Kanak,CUST-126,22,7.33,2018,4,2,2018-04,Hankerchief
B-25617,305,-270,5,Electronics,Electronic Games,Debit Card,2018-04-17,Sagar,Nagaland,Kohima,Sagar,CUST-232,305,61.0,2018,4,2,2018-04,Electronic Games
B-25618,12,0,2,Clothing,Hankerchief,UPI,2018-04-18,Manju,Andhra Pradesh,Hyderabad,Manju,CUST-152,12,6.0,2018,4,2,2018-04,Hankerchief
B-25618,362,127,1,Furniture,Bookcases,COD,2018-04-18,Manju,Andhra Pradesh,Hyderabad,Manju,CUST-152,362,362.0,2018,4,2,2018-04,Bookcases
B-25619,353,90,8,Clothing,Saree,COD,2018-04-18,Ramesh,Gujarat,Ahmedabad,Ramesh,CUST-221,353,44.12,2018,4,2,2018-04,Saree
B-25620,193,46,1,Electronics,Printers,Credit Card,2018-04-20,Sarita,Maharashtra,Pune,Sarita,CUST-246,193,193.0,2018,4,2,2018-04,Printers
B-25621,333,-15,3,Electronics,Phones,COD,2018-04-20,Deepak,Madhya Pradesh,Bhopal,Deepak,CUST-080,333,111.0,2018,4,2,2018-04,Phones
B-25621,233,-10,5,Electronics,Electronic Games,COD,2018-04-20,Deepak,Madhya Pradesh,Bhopal,Deepak,CUST-080,233,46.6,2018,4,2,2018-04,Electronic Games
B-25621,228,63,3,Electronics,Electronic Games,Credit Card,2018-04-20,Deepak,Madhya Pradesh,Bhopal,Deepak,CUST-080,228,76.0,2018,4,2,2018-04,Electronic Games
B-25622,534,0,3,Clothing,Saree,Debit Card,2018-04-22,Monisha,Rajasthan,Jaipur,Monisha,CUST-163,534,178.0,2018,4,2,2018-04,Saree
B-25623,149,-87,4,Clothing,Saree,COD,2018-04-22,Atharv,West Bengal,Kolkata,Atharv,CUST-057,149,37.25,2018,4,2,2018-04,Saree
B-25623,105,20,2,Clothing,Stole,Debit Card,2018-04-22,Atharv,West Bengal,Kolkata,Atharv,CUST-057,105,52.5,2018,4,2,2018-04,Stole
B-25623,158,69,3,Clothing,Stole,EMI,2018-04-22,Atharv,West Bengal,Kolkata,Atharv,CUST-057,158,52.67,2018,4,2,2018-04,Stole
B-25623,53,1,4,Clothing,Stole,COD,2018-04-22,Atharv,West Bengal,Kolkata,Atharv,CUST-057,53,13.25,2018,4,2,2018-04,Stole
B-25624,26,12,3,Clothing,Hankerchief,COD,2018-04-22,Vini,Karnataka,Bangalore,Vini,CUST-327,26,8.67,2018,4,2,2018-04,Hankerchief
B-25625,59,-30,3,Clothing,Leggings,Debit Card,2018-04-23,Pinky,Jammu and Kashmir,Kashmir,Pinky,CUST-202,59,19.67,2018,4,2,2018-04,Leggings
B-25625,97,29,2,Clothing,Hankerchief,UPI,2018-04-23,Pinky,Jammu and Kashmir,Kashmir,Pinky,CUST-202,97,48.5,2018,4,2,2018-04,Hankerchief
B-25625,635,-349,5,Clothing,Saree,Debit Card,2018-04-23,Pinky,Jammu and Kashmir,Kashmir,Pinky,CUST-202,635,127.0,2018,4,2,2018-04,Saree
B-25626,46,-14,1,Electronics,Phones,COD,2018-04-23,Bhishm,Maharashtra,Mumbai,Bhishm,CUST-068,46,46.0,2018,4,2,2018-04,Phones
B-25626,1103,276,3,Furniture,Chairs,EMI,2018-04-23,Bhishm,Maharashtra,Mumbai,Bhishm,CUST-068,1103,367.67,2018,4,2,2018-04,Chairs
B-25627,55,-39,4,Clothing,Stole,COD,2018-04-23,Hitika,Madhya Pradesh,Indore,Hitika,CUST-110,55,13.75,2018,4,2,2018-04,Stole
B-25628,35,-8,2,Furniture,Furnishings,Debit Card,2018-04-24,Pooja,Bihar,Patna,Pooja,CUST-205,35,17.5,2018,4,2,2018-04,Furnishings
B-25628,219,-9,4,Clothing,Saree,Credit Card,2018-04-24,Pooja,Bihar,Patna,Pooja,CUST-205,219,54.75,2018,4,2,2018-04,Saree
B-25628,45,13,4,Clothing,Skirt,COD,2018-04-24,Pooja,Bihar,Patna,Pooja,CUST-205,45,11.25,2018,4,2,2018-04,Skirt
B-25629,1560,421,3,Clothing,Trousers,COD,2018-04-24,Hemant,Kerala,Thiruvananthapuram,Hemant,CUST-108,1560,520.0,2018,4,2,2018-04,Trousers
B-25630,34,-22,4,Clothing,T-shirt,COD,2018-04-24,Sahil,Punjab,Chandigarh,Sahil,CUST-233,34,8.5,2018,4,2,2018-04,T-shirt
B-25630,133,12,5,Clothing,Stole,Debit Card,2018-04-24,Sahil,Punjab,Chandigarh,Sahil,CUST-233,133,26.6,2018,4,2,2018-04,Stole
B-25630,114,-39,5,Clothing,Kurti,COD,2018-04-24,Sahil,Punjab,Chandigarh,Sahil,CUST-233,114,22.8,2018,4,2,2018-04,Kurti
B-25630,42,-26,2,Clothing,Kurti,COD,2018-04-24,Sahil,Punjab,Chandigarh,Sahil,CUST-233,42,21.0,2018,4,2,2018-04,Kurti
B-25630,40,-7,3,Clothing,Stole,COD,2018-04-24,Sahil,Punjab,Chandigarh,Sahil,CUST-233,40,13.33,2018,4,2,2018-04,Stole
B-25630,143,-129,2,Electronics,Phones,COD,2018-04-24,Sahil,Punjab,Chandigarh,Sahil,CUST-233,143,71.5,2018,4,2,2018-04,Phones
B-25631,89,-89,2,Furniture,Furnishings,COD,2018-04-24,Ritu,Haryana,Chandigarh,Ritu,CUST-226,89,44.5,2018,4,2,2018-04,Furnishings
B-25632,19,-2,2,Clothing,Leggings,Debit Card,2018-04-25,Manish,Himachal Pradesh,Simla,Manish,CUST-149,19,9.5,2018,4,2,2018-04,Leggings
B-25633,496,-79,2,Clothing,Trousers,COD,2018-04-26,Amit,Sikkim,Gangtok,Amit,CUST-023,496,248.0,2018,4,2,2018-04,Trousers
B-25633,711,-8,4,Clothing,Saree,Debit Card,2018-04-26,Amit,Sikkim,Gangtok,Amit,CUST-023,711,177.75,2018,4,2,2018-04,Saree
B-25633,249,-130,4,Electronics,Phones,UPI,2018-04-26,Amit,Sikkim,Gangtok,Amit,CUST-023,249,62.25,2018,4,2,2018-04,Phones
B-25634,389,-83,3,Furniture,Chairs,UPI,2018-04-26,Sanjay,Goa,Goa,Sanjay,CUST-241,389,129.67,2018,4,2,2018-04,Chairs
B-25635,40,16,3,Clothing,Hankerchief,Debit Card,2018-04-26,Nidhi,Nagaland,Kohima,Nidhi,CUST-178,40,13.33,2018,4,2,2018-04,Hankerchief
B-25635,382,30,3,Clothing,Saree,Credit Card,2018-04-26,Nidhi,Nagaland,Kohima,Nidhi,CUST-178,382,127.33,2018,4,2,2018-04,Saree
B-25635,23,2,2,Clothing,Skirt,UPI,2018-04-26,Nidhi,Nagaland,Kohima,Nidhi,CUST-178,23,11.5,2018,4,2,2018-04,Skirt
B-25636,637,113,5,Clothing,Saree,UPI,2018-04-26,Nishi,Maharashtra,Mumbai,Nishi,CUST-183,637,127.4,2018,4,2,2018-04,Saree
B-25637,117,14,3,Clothing,Shirt,UPI,2018-04-26,Ashmi,Madhya Pradesh,Indore,Ashmi,CUST-053,117,39.0,2018,4,2,2018-04,Shirt
B-25638,182,-11,3,Furniture,Bookcases,Credit Card,2018-04-26,Parth,Maharashtra,Pune,Parth,CUST-198,182,60.67,2018,4,2,2018-04,Bookcases
B-25638,154,39,3,Clothing,Hankerchief,COD,2018-04-26,Parth,Maharashtra,Pune,Parth,CUST-198,154,51.33,2018,4,2,2018-04,Hankerchief
B-25638,816,-96,3,Electronics,Printers,Debit Card,2018-04-26,Parth,Maharashtra,Pune,Parth,CUST-198,816,272.0,2018,4,2,2018-04,Printers
B-25638,880,97,8,Furniture,Furnishings,Debit Card,2018-04-26,Parth,Maharashtra,Pune,Parth,CUST-198,880,110.0,2018,4,2,2018-04,Furnishings
B-25639,1629,-153,3,Electronics,Phones,COD,2018-04-27,Lisha,Madhya Pradesh,Bhopal,Lisha,CUST-141,1629,543.0,2018,4,2,2018-04,Phones
B-25640,1499,239,13,Clothing,Saree,Credit Card,2018-04-27,Paridhi,Rajasthan,Jaipur,Paridhi,CUST-192,1499,115.31,2018,4,2,2018-04,Saree
B-25640,68,-62,2,Clothing,Trousers,Debit Card,2018-04-27,Paridhi,Rajasthan,Jaipur,Paridhi,CUST-192,68,34.0,2018,4,2,2018-04,Trousers
B-25640,122,-47,4,Clothing,Saree,EMI,2018-04-27,Paridhi,Rajasthan,Jaipur,Paridhi,CUST-192,122,30.5,2018,4,2,2018-04,Saree
B-25641,22,-6,1,Furniture,Furnishings,COD,2018-04-27,Parishi,West Bengal,Kolkata,Parishi,CUST-194,22,22.0,2018,4,2,2018-04,Furnishings
B-25642,434,26,11,Clothing,Shirt,Credit Card,2018-04-28,Ajay,Karnataka,Bangalore,Ajay,CUST-013,434,39.45,2018,4,2,2018-04,Shirt
B-25643,50,-44,2,Clothing,Hankerchief,UPI,2018-04-29,Kirti,Jammu and Kashmir,Kashmir,Kirti,CUST-132,50,25.0,2018,4,2,2018-04,Hankerchief
B-25643,1061,-36,8,Furniture,Bookcases,EMI,2018-04-29,Kirti,Jammu and Kashmir,Kashmir,Kirti,CUST-132,1061,132.62,2018,4,2,2018-04,Bookcases
B-25643,37,-23,4,Clothing,Shirt,UPI,2018-04-29,Kirti,Jammu and Kashmir,Kashmir,Kirti,CUST-132,37,9.25,2018,4,2,2018-04,Shirt
B-25643,263,-63,2,Electronics,Electronic Games,Debit Card,2018-04-29,Kirti,Jammu and Kashmir,Kashmir,Kirti,CUST-132,263,131.5,2018,4,2,2018-04,Electronic Games
B-25643,36,-7,1,Electronics,Electronic Games,COD,2018-04-29,Kirti,Jammu and Kashmir,Kashmir,Kirti,CUST-132,36,36.0,2018,4,2,2018-04,Electronic Games
B-25644,76,-92,8,Furniture,Furnishings,COD,2018-04-30,Mayank,Maharashtra,Mumbai,Mayank,CUST-156,76,9.5,2018,4,2,2018-04,Furnishings
B-25645,273,-87,4,Electronics,Phones,COD,2018-05-01,Yaanvi,Madhya Pradesh,Indore,Yaanvi,CUST-333,273,68.25,2018,5,2,2018-05,Phones
B-25645,86,0,4,Clothing,T-shirt,Debit Card,2018-05-01,Yaanvi,Madhya Pradesh,Indore,Yaanvi,CUST-333,86,21.5,2018,5,2,2018-05,T-shirt
B-25645,133,-42,1,Electronics,Printers,UPI,2018-05-01,Yaanvi,Madhya Pradesh,Indore,Yaanvi,CUST-333,133,133.0,2018,5,2,2018-05,Printers
B-25645,183,-66,5,Electronics,Phones,UPI,2018-05-01,Yaanvi,Madhya Pradesh,Indore,Yaanvi,CUST-333,183,36.6,2018,5,2,2018-05,Phones
B-25646,299,-8,2,Clothing,Saree,COD,2018-05-01,Sonal,Bihar,Patna,Sonal,CUST-282,299,149.5,2018,5,2,2018-05,Saree
B-25647,42,-6,4,Clothing,Saree,UPI,2018-05-03,Sharda,Kerala,Thiruvananthapuram,Sharda,CUST-253,42,10.5,2018,5,2,2018-05,Saree
B-25648,30,13,1,Clothing,T-shirt,UPI,2018-05-04,Aditya,Punjab,Chandigarh,Aditya,CUST-011,30,30.0,2018,5,2,2018-05,T-shirt
B-25648,100,-23,1,Electronics,Phones,COD,2018-05-04,Aditya,Punjab,Chandigarh,Aditya,CUST-011,100,100.0,2018,5,2,2018-05,Phones
B-25648,130,-41,4,Clothing,Saree,EMI,2018-05-04,Aditya,Punjab,Chandigarh,Aditya,CUST-011,130,32.5,2018,5,2,2018-05,Saree
B-25648,55,-26,4,Clothing,Saree,UPI,2018-05-04,Aditya,Punjab,Chandigarh,Aditya,CUST-011,55,13.75,2018,5,2,2018-05,Saree
B-25649,27,-25,2,Clothing,Stole,COD,2018-05-05,Rachna,Haryana,Chandigarh,Rachna,CUST-218,27,13.5,2018,5,2,2018-05,Stole
B-25650,512,-225,5,Clothing,Saree,COD,2018-05-06,Chirag,Maharashtra,Mumbai,Chirag,CUST-077,512,102.4,2018,5,2,2018-05,Saree
B-25650,351,-47,8,Electronics,Phones,COD,2018-05-06,Chirag,Maharashtra,Mumbai,Chirag,CUST-077,351,43.88,2018,5,2,2018-05,Phones
B-25650,238,20,2,Clothing,Saree,COD,2018-05-06,Chirag,Maharashtra,Mumbai,Chirag,CUST-077,238,119.0,2018,5,2,2018-05,Saree
B-25650,269,111,3,Clothing,Trousers,EMI,2018-05-06,Chirag,Maharashtra,Mumbai,Chirag,CUST-077,269,89.67,2018,5,2,2018-05,Trousers
B-25650,211,-105,2,Clothing,Saree,Credit Card,2018-05-06,Chirag,Maharashtra,Mumbai,Chirag,CUST-077,211,105.5,2018,5,2,2018-05,Saree
B-25650,245,-78,2,Electronics,Printers,UPI,2018-05-06,Chirag,Maharashtra,Mumbai,Chirag,CUST-077,245,122.5,2018,5,2,2018-05,Printers
B-25650,31,-2,2,Clothing,Saree,Credit Card,2018-05-06,Chirag,Maharashtra,Mumbai,Chirag,CUST-077,31,15.5,2018,5,2,2018-05,Saree
B-25650,28,-26,2,Clothing,Stole,UPI,2018-05-06,Chirag,Maharashtra,Mumbai,Chirag,CUST-077,28,14.0,2018,5,2,2018-05,Stole
B-25650,925,-447,5,Electronics,Electronic Games,COD,2018-05-06,Chirag,Maharashtra,Mumbai,Chirag,CUST-077,925,185.0,2018,5,2,2018-05,Electronic Games
B-25651,823,-18,7,Furniture,Chairs,COD,2018-05-07,Anurag,Madhya Pradesh,Indore,Anurag,CUST-040,823,117.57,2018,5,2,2018-05,Chairs
B-25651,457,-41,4,Clothing,Saree,COD,2018-05-07,Anurag,Madhya Pradesh,Indore,Anurag,CUST-040,457,114.25,2018,5,2,2018-05,Saree
B-25651,7,0,1,Clothing,Leggings,COD,2018-05-07,Anurag,Madhya Pradesh,Indore,Anurag,CUST-040,7,7.0,2018,5,2,2018-05,Leggings
B-25651,159,4,1,Clothing,Saree,COD,2018-05-07,Anurag,Madhya Pradesh,Indore,Anurag,CUST-040,159,159.0,2018,5,2,2018-05,Saree
B-25651,172,-103,3,Furniture,Chairs,EMI,2018-05-07,Anurag,Madhya Pradesh,Indore,Anurag,CUST-040,172,57.33,2018,5,2,2018-05,Chairs
B-25651,44,-8,3,Clothing,Stole,UPI,2018-05-07,Anurag,Madhya Pradesh,Indore,Anurag,CUST-040,44,14.67,2018,5,2,2018-05,Stole
B-25651,200,-60,4,Furniture,Bookcases,UPI,2018-05-07,Anurag,Madhya Pradesh,Indore,Anurag,CUST-040,200,50.0,2018,5,2,2018-05,Bookcases
B-25651,49,3,1,Clothing,Shirt,COD,2018-05-07,Anurag,Madhya Pradesh,Indore,Anurag,CUST-040,49,49.0,2018,5,2,2018-05,Shirt
B-25651,16,-10,2,Clothing,T-shirt,COD,2018-05-07,Anurag,Madhya Pradesh,Indore,Anurag,CUST-040,16,8.0,2018,5,2,2018-05,T-shirt
B-25651,11,-4,2,Clothing,Skirt,COD,2018-05-07,Anurag,Madhya Pradesh,Indore,Anurag,CUST-040,11,5.5,2018,5,2,2018-05,Skirt
B-25652,206,-206,3,Clothing,Saree,COD,2018-05-08,Tushina,Goa,Goa,Tushina,CUST-317,206,68.67,2018,5,2,2018-05,Saree
B-25652,174,-70,3,Electronics,Accessories,COD,2018-05-08,Tushina,Goa,Goa,Tushina,CUST-317,174,58.0,2018,5,2,2018-05,Accessories
B-25652,34,-6,4,Clothing,Leggings,COD,2018-05-08,Tushina,Goa,Goa,Tushina,CUST-317,34,8.5,2018,5,2,2018-05,Leggings
B-25652,21,-13,3,Clothing,Leggings,UPI,2018-05-08,Tushina,Goa,Goa,Tushina,CUST-317,21,7.0,2018,5,2,2018-05,Leggings
B-25652,24,-21,7,Clothing,Skirt,COD,2018-05-08,Tushina,Goa,Goa,Tushina,CUST-317,24,3.43,2018,5,2,2018-05,Skirt
B-25652,25,-2,5,Clothing,Hankerchief,UPI,2018-05-08,Tushina,Goa,Goa,Tushina,CUST-317,25,5.0,2018,5,2,2018-05,Hankerchief
B-25652,9,-6,2,Clothing,Hankerchief,COD,2018-05-08,Tushina,Goa,Goa,Tushina,CUST-317,9,4.5,2018,5,2,2018-05,Hankerchief
B-25653,1279,-640,8,Electronics,Printers,EMI,2018-05-08,Farah,Nagaland,Kohima,Farah,CUST-095,1279,159.88,2018,5,2,2018-05,Printers
B-25653,668,-31,3,Electronics,Printers,Credit Card,2018-05-08,Farah,Nagaland,Kohima,Farah,CUST-095,668,222.67,2018,5,2,2018-05,Printers
B-25653,427,-50,7,Electronics,Phones,COD,2018-05-08,Farah,Nagaland,Kohima,Farah,CUST-095,427,61.0,2018,5,2,2018-05,Phones
B-25653,195,-117,5,Electronics,Phones,COD,2018-05-08,Farah,Nagaland,Kohima,Farah,CUST-095,195,39.0,2018,5,2,2018-05,Phones
B-25653,115,25,1,Electronics,Accessories,COD,2018-05-08,Farah,Nagaland,Kohima,Farah,CUST-095,115,115.0,2018,5,2,2018-05,Accessories
B-25653,168,-10,3,Electronics,Accessories,UPI,2018-05-08,Farah,Nagaland,Kohima,Farah,CUST-095,168,56.0,2018,5,2,2018-05,Accessories
B-25653,227,102,8,Electronics,Accessories,Debit Card,2018-05-08,Farah,Nagaland,Kohima,Farah,CUST-095,227,28.38,2018,5,2,2018-05,Accessories
B-25653,28,-3,2,Clothing,Saree,UPI,2018-05-08,Farah,Nagaland,Kohima,Farah,CUST-095,28,14.0,2018,5,2,2018-05,Saree
B-25653,1327,318,8,Furniture,Chairs,EMI,2018-05-08,Farah,Nagaland,Kohima,Farah,CUST-095,1327,165.88,2018,5,2,2018-05,Chairs
B-25654,450,-90,3,Electronics,Printers,COD,2018-05-10,Sabah,Maharashtra,Mumbai,Sabah,CUST-231,450,150.0,2018,5,2,2018-05,Printers
B-25654,269,-86,2,Electronics,Electronic Games,EMI,2018-05-10,Sabah,Maharashtra,Mumbai,Sabah,CUST-231,269,134.5,2018,5,2,2018-05,Electronic Games
B-25654,229,-23,2,Clothing,Saree,UPI,2018-05-10,Sabah,Maharashtra,Mumbai,Sabah,CUST-231,229,114.5,2018,5,2,2018-05,Saree
B-25654,122,-21,3,Furniture,Furnishings,UPI,2018-05-10,Sabah,Maharashtra,Mumbai,Sabah,CUST-231,122,40.67,2018,5,2,2018-05,Furnishings
B-25654,105,46,2,Clothing,Stole,UPI,2018-05-10,Sabah,Maharashtra,Mumbai,Sabah,CUST-231,105,52.5,2018,5,2,2018-05,Stole
B-25654,121,-17,3,Furniture,Furnishings,Credit Card,2018-05-10,Sabah,Maharashtra,Mumbai,Sabah,CUST-231,121,40.33,2018,5,2,2018-05,Furnishings
B-25654,54,-3,3,Clothing,Saree,COD,2018-05-10,Sabah,Maharashtra,Mumbai,Sabah,CUST-231,54,18.0,2018,5,2,2018-05,Saree
B-25654,34,12,3,Clothing,Hankerchief,Credit Card,2018-05-10,Sabah,Maharashtra,Mumbai,Sabah,CUST-231,34,11.33,2018,5,2,2018-05,Hankerchief
B-25655,6,-3,1,Clothing,Hankerchief,UPI,2018-05-11,Nida,Madhya Pradesh,Indore,Nida,CUST-177,6,6.0,2018,5,2,2018-05,Hankerchief
B-25655,74,-123,8,Clothing,Skirt,UPI,2018-05-11,Nida,Madhya Pradesh,Indore,Nida,CUST-177,74,9.25,2018,5,2,2018-05,Skirt
B-25655,312,-312,7,Furniture,Chairs,COD,2018-05-11,Nida,Madhya Pradesh,Indore,Nida,CUST-177,312,44.57,2018,5,2,2018-05,Chairs
B-25655,44,-26,3,Clothing,Hankerchief,Debit Card,2018-05-11,Nida,Madhya Pradesh,Indore,Nida,CUST-177,44,14.67,2018,5,2,2018-05,Hankerchief
B-25655,396,-31,9,Clothing,Saree,COD,2018-05-11,Nida,Madhya Pradesh,Indore,Nida,CUST-177,396,44.0,2018,5,2,2018-05,Saree
B-25655,110,-68,4,Clothing,Saree,EMI,2018-05-11,Nida,Madhya Pradesh,Indore,Nida,CUST-177,110,27.5,2018,5,2,2018-05,Saree
B-25655,97,-62,2,Clothing,Trousers,COD,2018-05-11,Nida,Madhya Pradesh,Indore,Nida,CUST-177,97,48.5,2018,5,2,2018-05,Trousers
B-25655,9,-6,2,Clothing,Skirt,Credit Card,2018-05-11,Nida,Madhya Pradesh,Indore,Nida,CUST-177,9,4.5,2018,5,2,2018-05,Skirt
B-25655,7,-4,3,Clothing,Hankerchief,COD,2018-05-11,Nida,Madhya Pradesh,Indore,Nida,CUST-177,7,2.33,2018,5,2,2018-05,Hankerchief
B-25656,24,-1,2,Clothing,Hankerchief,COD,2018-05-11,Priyanka,Maharashtra,Pune,Priyanka,CUST-216,24,12.0,2018,5,2,2018-05,Hankerchief
B-25656,6,3,1,Clothing,Hankerchief,COD,2018-05-11,Priyanka,Maharashtra,Pune,Priyanka,CUST-216,6,6.0,2018,5,2,2018-05,Hankerchief
B-25656,30,-5,5,Clothing,Stole,UPI,2018-05-11,Priyanka,Maharashtra,Pune,Priyanka,CUST-216,30,6.0,2018,5,2,2018-05,Stole
B-25656,406,126,2,Clothing,Saree,COD,2018-05-11,Priyanka,Maharashtra,Pune,Priyanka,CUST-216,406,203.0,2018,5,2,2018-05,Saree
B-25656,56,18,2,Clothing,Hankerchief,Debit Card,2018-05-11,Priyanka,Maharashtra,Pune,Priyanka,CUST-216,56,28.0,2018,5,2,2018-05,Hankerchief
B-25656,101,18,9,Clothing,Skirt,COD,2018-05-11,Priyanka,Maharashtra,Pune,Priyanka,CUST-216,101,11.22,2018,5,2,2018-05,Skirt
B-25656,61,-23,2,Clothing,Saree,COD,2018-05-11,Priyanka,Maharashtra,Pune,Priyanka,CUST-216,61,30.5,2018,5,2,2018-05,Saree
B-25656,534,0,3,Clothing,Saree,Debit Card,2018-05-11,Priyanka,Maharashtra,Pune,Priyanka,CUST-216,534,178.0,2018,5,2,2018-05,Saree
B-25656,624,37,2,Electronics,Electronic Games,Debit Card,2018-05-11,Priyanka,Maharashtra,Pune,Priyanka,CUST-216,624,312.0,2018,5,2,2018-05,Electronic Games
B-25656,651,169,5,Electronics,Printers,COD,2018-05-11,Priyanka,Maharashtra,Pune,Priyanka,CUST-216,651,130.2,2018,5,2,2018-05,Printers
B-25656,13,-1,3,Clothing,Hankerchief,COD,2018-05-11,Priyanka,Maharashtra,Pune,Priyanka,CUST-216,13,4.33,2018,5,2,2018-05,Hankerchief
B-25656,1389,680,7,Clothing,Saree,COD,2018-05-11,Priyanka,Maharashtra,Pune,Priyanka,CUST-216,1389,198.43,2018,5,2,2018-05,Saree
B-25657,1021,-48,4,Electronics,Electronic Games,EMI,2018-05-13,Tulika,Madhya Pradesh,Bhopal,Tulika,CUST-315,1021,255.25,2018,5,2,2018-05,Electronic Games
B-25657,32,-22,5,Clothing,Saree,UPI,2018-05-13,Tulika,Madhya Pradesh,Bhopal,Tulika,CUST-315,32,6.4,2018,5,2,2018-05,Saree
B-25657,288,-180,4,Furniture,Chairs,COD,2018-05-13,Tulika,Madhya Pradesh,Bhopal,Tulika,CUST-315,288,72.0,2018,5,2,2018-05,Chairs
B-25657,332,-43,6,Electronics,Phones,UPI,2018-05-13,Tulika,Madhya Pradesh,Bhopal,Tulika,CUST-315,332,55.33,2018,5,2,2018-05,Phones
B-25658,27,9,2,Clothing,T-shirt,UPI,2018-05-14,Shefali,Rajasthan,Jaipur,Shefali,CUST-257,27,13.5,2018,5,2,2018-05,T-shirt
B-25659,148,72,7,Clothing,T-shirt,Debit Card,2018-05-15,Sanskriti,West Bengal,Kolkata,Sanskriti,CUST-244,148,21.14,2018,5,2,2018-05,T-shirt
B-25660,245,-78,3,Clothing,Saree,COD,2018-05-16,Shruti,Karnataka,Bangalore,Shruti,CUST-270,245,81.67,2018,5,2,2018-05,Saree
B-25661,55,-33,2,Furniture,Chairs,Debit Card,2018-05-17,Subhashree,Jammu and Kashmir,Kashmir,Subhashree,CUST-288,55,27.5,2018,5,2,2018-05,Chairs
B-25661,58,-42,2,Furniture,Chairs,Debit Card,2018-05-17,Subhashree,Jammu and Kashmir,Kashmir,Subhashree,CUST-288,58,29.0,2018,5,2,2018-05,Chairs
B-25661,145,-104,5,Furniture,Chairs,UPI,2018-05-17,Subhashree,Jammu and Kashmir,Kashmir,Subhashree,CUST-288,145,29.0,2018,5,2,2018-05,Chairs
B-25661,224,-81,3,Furniture,Chairs,COD,2018-05-17,Subhashree,Jammu and Kashmir,Kashmir,Subhashree,CUST-288,224,74.67,2018,5,2,2018-05,Chairs
B-25661,19,-15,3,Clothing,Hankerchief,Credit Card,2018-05-17,Subhashree,Jammu and Kashmir,Kashmir,Subhashree,CUST-288,19,6.33,2018,5,2,2018-05,Hankerchief
B-25661,7,-1,2,Clothing,Hankerchief,Credit Card,2018-05-17,Subhashree,Jammu and Kashmir,Kashmir,Subhashree,CUST-288,7,3.5,2018,5,2,2018-05,Hankerchief
B-25662,24,-2,2,Clothing,T-shirt,COD,2018-05-17,Sweta,Maharashtra,Mumbai,Sweta,CUST-305,24,12.0,2018,5,2,2018-05,T-shirt
B-25662,385,-77,11,Furniture,Furnishings,UPI,2018-05-17,Sweta,Maharashtra,Mumbai,Sweta,CUST-305,385,35.0,2018,5,2,2018-05,Furnishings
B-25662,86,-21,1,Electronics,Electronic Games,UPI,2018-05-17,Sweta,Maharashtra,Mumbai,Sweta,CUST-305,86,86.0,2018,5,2,2018-05,Electronic Games
B-25663,294,138,2,Electronics,Printers,Debit Card,2018-05-19,Pournamasi,Madhya Pradesh,Indore,Pournamasi,CUST-206,294,147.0,2018,5,2,2018-05,Printers
B-25664,444,-200,4,Electronics,Phones,EMI,2018-05-20,Pratyusmita,Bihar,Patna,Pratyusmita,CUST-214,444,111.0,2018,5,2,2018-05,Phones
B-25664,83,-48,1,Furniture,Bookcases,UPI,2018-05-20,Pratyusmita,Bihar,Patna,Pratyusmita,CUST-214,83,83.0,2018,5,2,2018-05,Bookcases
B-25664,258,-27,2,Electronics,Phones,Debit Card,2018-05-20,Pratyusmita,Bihar,Patna,Pratyusmita,CUST-214,258,129.0,2018,5,2,2018-05,Phones
B-25664,785,52,2,Electronics,Phones,Debit Card,2018-05-20,Pratyusmita,Bihar,Patna,Pratyusmita,CUST-214,785,392.5,2018,5,2,2018-05,Phones
B-25665,166,-113,4,Electronics,Accessories,EMI,2018-05-21,Chayanika,Kerala,Thiruvananthapuram,Chayanika,CUST-074,166,41.5,2018,5,2,2018-05,Accessories
B-25666,934,-916,7,Electronics,Electronic Games,COD,2018-05-22,Tanvi,Punjab,Chandigarh,Tanvi,CUST-310,934,133.43,2018,5,2,2018-05,Electronic Games
B-25667,11,-2,4,Clothing,Hankerchief,COD,2018-05-23,Anjali,Haryana,Chandigarh,Anjali,CUST-033,11,2.75,2018,5,2,2018-05,Hankerchief
B-25667,344,-34,3,Clothing,Saree,Debit Card,2018-05-23,Anjali,Haryana,Chandigarh,Anjali,CUST-033,344,114.67,2018,5,2,2018-05,Saree
B-25667,41,6,5,Clothing,Skirt,Credit Card,2018-05-23,Anjali,Haryana,Chandigarh,Anjali,CUST-033,41,8.2,2018,5,2,2018-05,Skirt
B-25667,516,69,4,Furniture,Bookcases,UPI,2018-05-23,Anjali,Haryana,Chandigarh,Anjali,CUST-033,516,129.0,2018,5,2,2018-05,Bookcases
B-25667,1030,206,8,Electronics,Printers,UPI,2018-05-23,Anjali,Haryana,Chandigarh,Anjali,CUST-033,1030,128.75,2018,5,2,2018-05,Printers
B-25668,123,17,3,Furniture,Furnishings,COD,2018-05-24,Rhea,Himachal Pradesh,Simla,Rhea,CUST-224,123,41.0,2018,5,2,2018-05,Furnishings
B-25669,610,-66,2,Furniture,Tables,COD,2018-05-25,Piyali,Sikkim,Gangtok,Piyali,CUST-203,610,305.0,2018,5,2,2018-05,Tables
B-25670,24,1,2,Clothing,Hankerchief,UPI,2018-05-25,Charika,Goa,Goa,Charika,CUST-073,24,12.0,2018,5,2,2018-05,Hankerchief
B-25670,656,-36,2,Furniture,Bookcases,Credit Card,2018-05-25,Charika,Goa,Goa,Charika,CUST-073,656,328.0,2018,5,2,2018-05,Bookcases
B-25670,74,29,3,Clothing,Stole,COD,2018-05-25,Charika,Goa,Goa,Charika,CUST-073,74,24.67,2018,5,2,2018-05,Stole
B-25670,14,2,1,Clothing,Hankerchief,COD,2018-05-25,Charika,Goa,Goa,Charika,CUST-073,14,14.0,2018,5,2,2018-05,Hankerchief
B-25671,832,0,3,Clothing,Trousers,UPI,2018-05-27,Mitali,Nagaland,Kohima,Mitali,CUST-160,832,277.33,2018,5,2,2018-05,Trousers
B-25672,27,-15,1,Clothing,Stole,UPI,2018-05-28,Akanksha,Andhra Pradesh,Hyderabad,Akanksha,CUST-015,27,27.0,2018,5,2,2018-05,Stole
B-25673,143,-124,5,Clothing,Saree,UPI,2018-05-28,Arsheen,Gujarat,Ahmedabad,Arsheen,CUST-048,143,28.6,2018,5,2,2018-05,Saree
B-25673,37,-5,3,Clothing,T-shirt,Debit Card,2018-05-28,Arsheen,Gujarat,Ahmedabad,Arsheen,CUST-048,37,12.33,2018,5,2,2018-05,T-shirt
B-25673,45,-2,4,Clothing,Shirt,COD,2018-05-28,Arsheen,Gujarat,Ahmedabad,Arsheen,CUST-048,45,11.25,2018,5,2,2018-05,Shirt
B-25673,149,-1,1,Clothing,Saree,COD,2018-05-28,Arsheen,Gujarat,Ahmedabad,Arsheen,CUST-048,149,149.0,2018,5,2,2018-05,Saree
B-25673,44,-17,5,Clothing,Saree,UPI,2018-05-28,Arsheen,Gujarat,Ahmedabad,Arsheen,CUST-048,44,8.8,2018,5,2,2018-05,Saree
B-25674,17,-12,5,Clothing,Skirt,Debit Card,2018-05-28,Mahima,Maharashtra,Pune,Mahima,CUST-145,17,3.4,2018,5,2,2018-05,Skirt
B-25675,929,-93,9,Clothing,Saree,COD,2018-05-31,Shreya,Madhya Pradesh,Bhopal,Shreya,CUST-266,929,103.22,2018,5,2,2018-05,Saree
B-25676,674,-187,2,Furniture,Tables,COD,2018-06-01,Chandni,Rajasthan,Jaipur,Chandni,CUST-072,674,337.0,2018,6,2,2018-06,Tables
B-25676,342,-103,4,Electronics,Electronic Games,COD,2018-06-01,Chandni,Rajasthan,Jaipur,Chandni,CUST-072,342,85.5,2018,6,2,2018-06,Electronic Games
B-25676,79,36,4,Clothing,Shirt,COD,2018-06-01,Chandni,Rajasthan,Jaipur,Chandni,CUST-072,79,19.75,2018,6,2,2018-06,Shirt
B-25676,32,6,3,Clothing,Shirt,COD,2018-06-01,Chandni,Rajasthan,Jaipur,Chandni,CUST-072,32,10.67,2018,6,2,2018-06,Shirt
B-25676,1263,-56,5,Clothing,Trousers,EMI,2018-06-01,Chandni,Rajasthan,Jaipur,Chandni,CUST-072,1263,252.6,2018,6,2,2018-06,Trousers
B-25677,20,-2,1,Electronics,Accessories,UPI,2018-06-02,Ekta,West Bengal,Kolkata,Ekta,CUST-094,20,20.0,2018,6,2,2018-06,Accessories
B-25678,27,-25,2,Clothing,Shirt,Debit Card,2018-06-03,Bathina,Karnataka,Bangalore,Bathina,CUST-062,27,13.5,2018,6,2,2018-06,Shirt
B-25678,327,-39,1,Electronics,Phones,COD,2018-06-03,Bathina,Karnataka,Bangalore,Bathina,CUST-062,327,327.0,2018,6,2,2018-06,Phones
B-25678,64,-7,3,Clothing,Saree,COD,2018-06-03,Bathina,Karnataka,Bangalore,Bathina,CUST-062,64,21.33,2018,6,2,2018-06,Saree
B-25678,7,-3,2,Clothing,Skirt,UPI,2018-06-03,Bathina,Karnataka,Bangalore,Bathina,CUST-062,7,3.5,2018,6,2,2018-06,Skirt
B-25679,76,-50,1,Clothing,Saree,COD,2018-06-04,Avni,Maharashtra,Mumbai,Avni,CUST-060,76,76.0,2018,6,2,2018-06,Saree
B-25680,73,-25,3,Clothing,Saree,COD,2018-06-04,Aayushi,Madhya Pradesh,Indore,Aayushi,CUST-005,73,24.33,2018,6,2,2018-06,Saree
B-25681,1096,658,7,Electronics,Electronic Games,COD,2018-06-04,Bhawna,Madhya Pradesh,Indore,Bhawna,CUST-067,1096,156.57,2018,6,2,2018-06,Electronic Games
B-25681,1625,-77,3,Electronics,Phones,EMI,2018-06-04,Bhawna,Madhya Pradesh,Indore,Bhawna,CUST-067,1625,541.67,2018,6,2,2018-06,Phones
B-25681,523,204,7,Clothing,Trousers,COD,2018-06-04,Bhawna,Madhya Pradesh,Indore,Bhawna,CUST-067,523,74.71,2018,6,2,2018-06,Trousers
B-25681,44,-3,1,Clothing,Saree,Debit Card,2018-06-04,Bhawna,Madhya Pradesh,Indore,Bhawna,CUST-067,44,44.0,2018,6,2,2018-06,Saree
B-25681,243,-14,2,Furniture,Chairs,COD,2018-06-04,Bhawna,Madhya Pradesh,Indore,Bhawna,CUST-067,243,121.5,2018,6,2,2018-06,Chairs
B-25681,68,-27,3,Electronics,Accessories,UPI,2018-06-04,Bhawna,Madhya Pradesh,Indore,Bhawna,CUST-067,68,22.67,2018,6,2,2018-06,Accessories
B-25682,545,-73,11,Electronics,Phones,COD,2018-06-07,Krutika,Bihar,Patna,Krutika,CUST-137,545,49.55,2018,6,2,2018-06,Phones
B-25683,86,-55,6,Clothing,Saree,COD,2018-06-08,Shreya,Kerala,Thiruvananthapuram,Shreya,CUST-266,86,14.33,2018,6,2,2018-06,Saree
B-25683,155,56,3,Furniture,Furnishings,EMI,2018-06-08,Shreya,Kerala,Thiruvananthapuram,Shreya,CUST-266,155,51.67,2018,6,2,2018-06,Furnishings
B-25683,245,-3,4,Electronics,Phones,UPI,2018-06-08,Shreya,Kerala,Thiruvananthapuram,Shreya,CUST-266,245,61.25,2018,6,2,2018-06,Phones
B-25683,433,26,3,Electronics,Printers,Debit Card,2018-06-08,Shreya,Kerala,Thiruvananthapuram,Shreya,CUST-266,433,144.33,2018,6,2,2018-06,Printers
B-25683,148,52,5,Clothing,Stole,UPI,2018-06-08,Shreya,Kerala,Thiruvananthapuram,Shreya,CUST-266,148,29.6,2018,6,2,2018-06,Stole
B-25684,134,42,2,Furniture,Chairs,COD,2018-06-09,Samiksha,Maharashtra,Mumbai,Samiksha,CUST-237,134,67.0,2018,6,2,2018-06,Chairs
B-25685,264,-30,3,Furniture,Furnishings,Debit Card,2018-06-10,Sheetal,Madhya Pradesh,Indore,Sheetal,CUST-256,264,88.0,2018,6,2,2018-06,Furnishings
B-25685,45,-2,4,Clothing,Shirt,COD,2018-06-10,Sheetal,Madhya Pradesh,Indore,Sheetal,CUST-256,45,11.25,2018,6,2,2018-06,Shirt
B-25685,51,7,2,Furniture,Furnishings,UPI,2018-06-10,Sheetal,Madhya Pradesh,Indore,Sheetal,CUST-256,51,25.5,2018,6,2,2018-06,Furnishings
B-25685,529,137,3,Electronics,Phones,Debit Card,2018-06-10,Sheetal,Madhya Pradesh,Indore,Sheetal,CUST-256,529,176.33,2018,6,2,2018-06,Phones
B-25686,1829,-56,6,Furniture,Tables,Credit Card,2018-06-11,Pooja,Himachal Pradesh,Simla,Pooja,CUST-205,1829,304.83,2018,6,2,2018-06,Tables
B-25686,381,-13,2,Clothing,Saree,COD,2018-06-11,Pooja,Himachal Pradesh,Simla,Pooja,CUST-205,381,190.5,2018,6,2,2018-06,Saree
B-25686,332,503,3,Electronics,Printers,COD,2018-06-11,Pooja,Himachal Pradesh,Simla,Pooja,CUST-205,332,110.67,2018,6,2,2018-06,Printers
B-25687,387,-213,5,Clothing,Saree,UPI,2018-06-11,Sanjna,Maharashtra,Mumbai,Sanjna,CUST-242,387,77.4,2018,6,2,2018-06,Saree
B-25687,17,6,1,Clothing,Stole,UPI,2018-06-11,Sanjna,Maharashtra,Mumbai,Sanjna,CUST-242,17,17.0,2018,6,2,2018-06,Stole
B-25687,357,139,2,Clothing,Saree,Debit Card,2018-06-11,Sanjna,Maharashtra,Mumbai,Sanjna,CUST-242,357,178.5,2018,6,2,2018-06,Saree
B-25687,51,21,3,Clothing,T-shirt,COD,2018-06-11,Sanjna,Maharashtra,Mumbai,Sanjna,CUST-242,51,17.0,2018,6,2,2018-06,T-shirt
B-25687,14,-1,4,Clothing,Kurti,COD,2018-06-11,Sanjna,Maharashtra,Mumbai,Sanjna,CUST-242,14,3.5,2018,6,2,2018-06,Kurti
B-25688,352,-345,5,Clothing,Saree,Credit Card,2018-06-11,Swetha,Madhya Pradesh,Indore,Swetha,CUST-306,352,70.4,2018,6,2,2018-06,Saree
B-25689,469,-459,3,Electronics,Electronic Games,COD,2018-06-14,Bhaggyasree,Maharashtra,Mumbai,Bhaggyasree,CUST-063,469,156.33,2018,6,2,2018-06,Electronic Games
B-25689,97,17,2,Clothing,Stole,Credit Card,2018-06-14,Bhaggyasree,Maharashtra,Mumbai,Bhaggyasree,CUST-063,97,48.5,2018,6,2,2018-06,Stole
B-25689,149,136,3,Clothing,Stole,UPI,2018-06-14,Bhaggyasree,Maharashtra,Mumbai,Bhaggyasree,CUST-063,149,49.67,2018,6,2,2018-06,Stole
B-25690,31,-10,3,Clothing,Skirt,COD,2018-06-15,Gunjan,Madhya Pradesh,Indore,Gunjan,CUST-102,31,10.33,2018,6,2,2018-06,Skirt
B-25691,714,56,4,Clothing,Saree,COD,2018-06-16,Akancha,Maharashtra,Mumbai,Akancha,CUST-014,714,178.5,2018,6,2,2018-06,Saree
B-25691,75,-25,3,Clothing,Stole,UPI,2018-06-16,Akancha,Maharashtra,Mumbai,Akancha,CUST-014,75,25.0,2018,6,2,2018-06,Stole
B-25691,17,-9,3,Clothing,Stole,COD,2018-06-16,Akancha,Maharashtra,Mumbai,Akancha,CUST-014,17,5.67,2018,6,2,2018-06,Stole
B-25692,141,28,7,Furniture,Furnishings,UPI,2018-06-17,Rashmi,Madhya Pradesh,Indore,Rashmi,CUST-223,141,20.14,2018,6,2,2018-06,Furnishings
B-25693,76,-72,9,Clothing,Hankerchief,COD,2018-06-18,Parna,Madhya Pradesh,Bhopal,Parna,CUST-195,76,8.44,2018,6,2,2018-06,Hankerchief
B-25693,632,316,6,Clothing,Saree,COD,2018-06-18,Parna,Madhya Pradesh,Bhopal,Parna,CUST-195,632,105.33,2018,6,2,2018-06,Saree
B-25693,32,-16,6,Clothing,Saree,UPI,2018-06-18,Parna,Madhya Pradesh,Bhopal,Parna,CUST-195,32,5.33,2018,6,2,2018-06,Saree
B-25693,68,-30,1,Electronics,Phones,UPI,2018-06-18,Parna,Madhya Pradesh,Bhopal,Parna,CUST-195,68,68.0,2018,6,2,2018-06,Phones
B-25693,72,-49,1,Electronics,Phones,COD,2018-06-18,Parna,Madhya Pradesh,Bhopal,Parna,CUST-195,72,72.0,2018,6,2,2018-06,Phones
B-25693,82,-39,5,Clothing,T-shirt,EMI,2018-06-18,Parna,Madhya Pradesh,Bhopal,Parna,CUST-195,82,16.4,2018,6,2,2018-06,T-shirt
B-25693,13,-13,2,Clothing,Skirt,COD,2018-06-18,Parna,Madhya Pradesh,Bhopal,Parna,CUST-195,13,6.5,2018,6,2,2018-06,Skirt
B-25694,167,43,7,Clothing,T-shirt,EMI,2018-06-18,Subhasmita,Rajasthan,Jaipur,Subhasmita,CUST-289,167,23.86,2018,6,2,2018-06,T-shirt
B-25695,171,14,9,Clothing,Shirt,Debit Card,2018-06-18,Suhani,West Bengal,Kolkata,Suhani,CUST-293,171,19.0,2018,6,2,2018-06,Shirt
B-25696,275,-275,4,Clothing,Saree,COD,2018-06-21,Noopur,Karnataka,Bangalore,Noopur,CUST-185,275,68.75,2018,6,2,2018-06,Saree
B-25696,44,99,3,Clothing,Kurti,Debit Card,2018-06-21,Noopur,Karnataka,Bangalore,Noopur,CUST-185,44,14.67,2018,6,2,2018-06,Kurti
B-25696,117,-6,3,Electronics,Phones,COD,2018-06-21,Noopur,Karnataka,Bangalore,Noopur,CUST-185,117,39.0,2018,6,2,2018-06,Phones
B-25696,116,-4,1,Clothing,Saree,COD,2018-06-21,Noopur,Karnataka,Bangalore,Noopur,CUST-185,116,116.0,2018,6,2,2018-06,Saree
B-25696,168,-9,3,Clothing,Saree,COD,2018-06-21,Noopur,Karnataka,Bangalore,Noopur,CUST-185,168,56.0,2018,6,2,2018-06,Saree
B-25696,887,80,3,Electronics,Printers,UPI,2018-06-21,Noopur,Karnataka,Bangalore,Noopur,CUST-185,887,295.67,2018,6,2,2018-06,Printers
B-25697,1300,-16,8,Electronics,Printers,Credit Card,2018-06-22,Vijay,Jammu and Kashmir,Kashmir,Vijay,CUST-324,1300,162.5,2018,6,2,2018-06,Printers
B-25697,115,-39,3,Clothing,Trousers,COD,2018-06-22,Vijay,Jammu and Kashmir,Kashmir,Vijay,CUST-324,115,38.33,2018,6,2,2018-06,Trousers
B-25697,114,8,3,Electronics,Accessories,Debit Card,2018-06-22,Vijay,Jammu and Kashmir,Kashmir,Vijay,CUST-324,114,38.0,2018,6,2,2018-06,Accessories
B-25697,73,-7,1,Electronics,Phones,COD,2018-06-22,Vijay,Jammu and Kashmir,Kashmir,Vijay,CUST-324,73,73.0,2018,6,2,2018-06,Phones
B-25697,67,-42,3,Clothing,Stole,COD,2018-06-22,Vijay,Jammu and Kashmir,Kashmir,Vijay,CUST-324,67,22.33,2018,6,2,2018-06,Stole
B-25697,322,193,5,Electronics,Printers,COD,2018-06-22,Vijay,Jammu and Kashmir,Kashmir,Vijay,CUST-324,322,64.4,2018,6,2,2018-06,Printers
B-25697,4,-3,1,Clothing,Skirt,Credit Card,2018-06-22,Vijay,Jammu and Kashmir,Kashmir,Vijay,CUST-324,4,4.0,2018,6,2,2018-06,Skirt
B-25698,516,392,8,Furniture,Chairs,COD,2018-06-23,Amisha,Tamil Nadu,Chennai,Amisha,CUST-022,516,64.5,2018,6,2,2018-06,Chairs
B-25698,65,-16,2,Electronics,Phones,Debit Card,2018-06-23,Amisha,Tamil Nadu,Chennai,Amisha,CUST-022,65,32.5,2018,6,2,2018-06,Phones
B-25698,207,153,3,Clothing,Saree,Credit Card,2018-06-23,Amisha,Tamil Nadu,Chennai,Amisha,CUST-022,207,69.0,2018,6,2,2018-06,Saree
B-25698,87,-83,5,Clothing,Kurti,COD,2018-06-23,Amisha,Tamil Nadu,Chennai,Amisha,CUST-022,87,17.4,2018,6,2,2018-06,Kurti
B-25698,27,-6,4,Clothing,Hankerchief,COD,2018-06-23,Amisha,Tamil Nadu,Chennai,Amisha,CUST-022,27,6.75,2018,6,2,2018-06,Hankerchief
B-25698,7,-2,1,Clothing,Hankerchief,COD,2018-06-23,Amisha,Tamil Nadu,Chennai,Amisha,CUST-022,7,7.0,2018,6,2,2018-06,Hankerchief
B-25699,49,-31,2,Clothing,Stole,UPI,2018-06-24,Kritika,Uttar Pradesh,Lucknow,Kritika,CUST-136,49,24.5,2018,6,2,2018-06,Stole
B-25699,20,-22,1,Furniture,Furnishings,UPI,2018-06-24,Kritika,Uttar Pradesh,Lucknow,Kritika,CUST-136,20,20.0,2018,6,2,2018-06,Furnishings
B-25699,34,-13,5,Clothing,Leggings,COD,2018-06-24,Kritika,Uttar Pradesh,Lucknow,Kritika,CUST-136,34,6.8,2018,6,2,2018-06,Leggings
B-25699,21,-5,1,Electronics,Accessories,COD,2018-06-24,Kritika,Uttar Pradesh,Lucknow,Kritika,CUST-136,21,21.0,2018,6,2,2018-06,Accessories
B-25700,44,-32,3,Clothing,Stole,Debit Card,2018-06-25,Shubhi,Maharashtra,Mumbai,Shubhi,CUST-272,44,14.67,2018,6,2,2018-06,Stole
B-25700,129,-75,5,Clothing,Shirt,Debit Card,2018-06-25,Shubhi,Maharashtra,Mumbai,Shubhi,CUST-272,129,25.8,2018,6,2,2018-06,Shirt
B-25700,7,-3,2,Clothing,Hankerchief,COD,2018-06-25,Shubhi,Maharashtra,Mumbai,Shubhi,CUST-272,7,3.5,2018,6,2,2018-06,Hankerchief
B-25701,98,-45,2,Furniture,Chairs,UPI,2018-06-26,Maithilee,Madhya Pradesh,Indore,Maithilee,CUST-146,98,49.0,2018,6,2,2018-06,Chairs
B-25701,33,-29,3,Clothing,Shirt,UPI,2018-06-26,Maithilee,Madhya Pradesh,Indore,Maithilee,CUST-146,33,11.0,2018,6,2,2018-06,Shirt
B-25701,10,-8,2,Clothing,Skirt,COD,2018-06-26,Maithilee,Madhya Pradesh,Indore,Maithilee,CUST-146,10,5.0,2018,6,2,2018-06,Skirt
B-25701,33,-12,5,Clothing,Hankerchief,COD,2018-06-26,Maithilee,Madhya Pradesh,Indore,Maithilee,CUST-146,33,6.6,2018,6,2,2018-06,Hankerchief
B-25702,75,0,3,Clothing,Shirt,EMI,2018-06-27,Shaily,Maharashtra,Mumbai,Shaily,CUST-251,75,25.0,2018,6,2,2018-06,Shirt
B-25702,306,-147,3,Clothing,Saree,Debit Card,2018-06-27,Shaily,Maharashtra,Mumbai,Shaily,CUST-251,306,102.0,2018,6,2,2018-06,Saree
B-25702,424,-17,9,Furniture,Chairs,Debit Card,2018-06-27,Shaily,Maharashtra,Mumbai,Shaily,CUST-251,424,47.11,2018,6,2,2018-06,Chairs
B-25702,31,-3,4,Clothing,Saree,COD,2018-06-27,Shaily,Maharashtra,Mumbai,Shaily,CUST-251,31,7.75,2018,6,2,2018-06,Saree
B-25702,941,203,3,Furniture,Tables,UPI,2018-06-27,Shaily,Maharashtra,Mumbai,Shaily,CUST-251,941,313.67,2018,6,2,2018-06,Tables
B-25703,231,-190,9,Clothing,Hankerchief,COD,2018-06-28,Ekta,Madhya Pradesh,Indore,Ekta,CUST-094,231,25.67,2018,6,2,2018-06,Hankerchief
B-25703,97,-45,4,Clothing,Saree,COD,2018-06-28,Ekta,Madhya Pradesh,Indore,Ekta,CUST-094,97,24.25,2018,6,2,2018-06,Saree
B-25703,32,-5,5,Clothing,Hankerchief,UPI,2018-06-28,Ekta,Madhya Pradesh,Indore,Ekta,CUST-094,32,6.4,2018,6,2,2018-06,Hankerchief
B-25703,47,-27,4,Clothing,Saree,COD,2018-06-28,Ekta,Madhya Pradesh,Indore,Ekta,CUST-094,47,11.75,2018,6,2,2018-06,Saree
B-25703,42,-23,2,Furniture,Furnishings,UPI,2018-06-28,Ekta,Madhya Pradesh,Indore,Ekta,CUST-094,42,21.0,2018,6,2,2018-06,Furnishings
B-25703,186,241,9,Clothing,Shirt,Credit Card,2018-06-28,Ekta,Madhya Pradesh,Indore,Ekta,CUST-094,186,20.67,2018,6,2,2018-06,Shirt
B-25703,17,-3,2,Clothing,Stole,UPI,2018-06-28,Ekta,Madhya Pradesh,Indore,Ekta,CUST-094,17,8.5,2018,6,2,2018-06,Stole
B-25703,22,-15,4,Clothing,Kurti,COD,2018-06-28,Ekta,Madhya Pradesh,Indore,Ekta,CUST-094,22,5.5,2018,6,2,2018-06,Kurti
B-25704,126,-63,3,Electronics,Accessories,UPI,2018-06-29,Riya,Maharashtra,Mumbai,Riya,CUST-227,126,42.0,2018,6,2,2018-06,Accessories
B-25704,102,0,3,Electronics,Phones,COD,2018-06-29,Riya,Maharashtra,Mumbai,Riya,CUST-227,102,34.0,2018,6,2,2018-06,Phones
B-25705,46,0,2,Electronics,Electronic Games,COD,2018-06-30,Shweta,Madhya Pradesh,Indore,Shweta,CUST-273,46,23.0,2018,6,2,2018-06,Electronic Games
B-25706,31,-11,4,Clothing,Stole,COD,2018-07-01,Swetlana,Goa,Goa,Swetlana,CUST-307,31,7.75,2018,7,3,2018-07,Stole
B-25707,8,-6,1,Clothing,Stole,COD,2018-07-01,Shivani,Maharashtra,Mumbai,Shivani,CUST-263,8,8.0,2018,7,3,2018-07,Stole
B-25708,709,-100,5,Electronics,Phones,COD,2018-07-01,Kishwar,Madhya Pradesh,Indore,Kishwar,CUST-133,709,141.8,2018,7,3,2018-07,Phones
B-25708,191,13,8,Furniture,Furnishings,COD,2018-07-01,Kishwar,Madhya Pradesh,Indore,Kishwar,CUST-133,191,23.88,2018,7,3,2018-07,Furnishings
B-25708,32,-8,2,Clothing,Stole,COD,2018-07-01,Kishwar,Madhya Pradesh,Indore,Kishwar,CUST-133,32,16.0,2018,7,3,2018-07,Stole
B-25708,81,-51,7,Clothing,Stole,EMI,2018-07-01,Kishwar,Madhya Pradesh,Indore,Kishwar,CUST-133,81,11.57,2018,7,3,2018-07,Stole
B-25709,33,-12,7,Clothing,Saree,UPI,2018-07-01,Aakanksha,Madhya Pradesh,Indore,Aakanksha,CUST-001,33,4.71,2018,7,3,2018-07,Saree
B-25709,41,-6,1,Furniture,Chairs,Credit Card,2018-07-01,Aakanksha,Madhya Pradesh,Indore,Aakanksha,CUST-001,41,41.0,2018,7,3,2018-07,Chairs
B-25710,10,-1,1,Clothing,Leggings,UPI,2018-07-05,Megha,Maharashtra,Pune,Megha,CUST-157,10,10.0,2018,7,3,2018-07,Leggings
B-25710,216,-38,6,Furniture,Furnishings,UPI,2018-07-05,Megha,Maharashtra,Pune,Megha,CUST-157,216,36.0,2018,7,3,2018-07,Furnishings
B-25710,25,0,4,Clothing,Skirt,UPI,2018-07-05,Megha,Maharashtra,Pune,Megha,CUST-157,25,6.25,2018,7,3,2018-07,Skirt
B-25710,53,-18,4,Clothing,T-shirt,UPI,2018-07-05,Megha,Maharashtra,Pune,Megha,CUST-157,53,13.25,2018,7,3,2018-07,T-shirt
B-25710,616,-69,7,Furniture,Furnishings,Debit Card,2018-07-05,Megha,Maharashtra,Pune,Megha,CUST-157,616,88.0,2018,7,3,2018-07,Furnishings
B-25710,13,-8,1,Clothing,T-shirt,COD,2018-07-05,Megha,Maharashtra,Pune,Megha,CUST-157,13,13.0,2018,7,3,2018-07,T-shirt
B-25711,100,-58,4,Clothing,Hankerchief,COD,2018-07-06,Sakshi,Madhya Pradesh,Bhopal,Sakshi,CUST-235,100,25.0,2018,7,3,2018-07,Hankerchief
B-25712,193,-275,3,Electronics,Phones,Credit Card,2018-07-07,Adhvaita,Rajasthan,Jaipur,Adhvaita,CUST-009,193,64.33,2018,7,3,2018-07,Phones
B-25713,158,-63,4,Furniture,Chairs,UPI,2018-07-08,Raksha,West Bengal,Kolkata,Raksha,CUST-220,158,39.5,2018,7,3,2018-07,Chairs
B-25714,11,-5,2,Clothing,Hankerchief,COD,2018-07-09,Stuti,Karnataka,Bangalore,Stuti,CUST-287,11,5.5,2018,7,3,2018-07,Hankerchief
B-25714,340,20,7,Clothing,Shirt,Credit Card,2018-07-09,Stuti,Karnataka,Bangalore,Stuti,CUST-287,340,48.57,2018,7,3,2018-07,Shirt
B-25715,416,137,3,Electronics,Phones,Debit Card,2018-07-10,Srishti,Jammu and Kashmir,Kashmir,Srishti,CUST-286,416,138.67,2018,7,3,2018-07,Phones
B-25716,58,0,4,Clothing,Saree,UPI,2018-07-11,Surabhi,Tamil Nadu,Chennai,Surabhi,CUST-300,58,14.5,2018,7,3,2018-07,Saree
B-25717,561,212,3,Clothing,Saree,Credit Card,2018-07-12,Manshul,Uttar Pradesh,Lucknow,Manshul,CUST-153,561,187.0,2018,7,3,2018-07,Saree
B-25717,138,-3,5,Clothing,Saree,COD,2018-07-12,Manshul,Uttar Pradesh,Lucknow,Manshul,CUST-153,138,27.6,2018,7,3,2018-07,Saree
B-25717,90,17,3,Clothing,Shirt,COD,2018-07-12,Manshul,Uttar Pradesh,Lucknow,Manshul,CUST-153,90,30.0,2018,7,3,2018-07,Shirt
B-25717,55,-33,2,Furniture,Chairs,COD,2018-07-12,Manshul,Uttar Pradesh,Lucknow,Manshul,CUST-153,55,27.5,2018,7,3,2018-07,Chairs
B-25718,371,115,1,Furniture,Bookcases,Debit Card,2018-07-12,Anjali,Maharashtra,Mumbai,Anjali,CUST-033,371,371.0,2018,7,3,2018-07,Bookcases
B-25718,460,31,3,Furniture,Bookcases,Debit Card,2018-07-12,Anjali,Maharashtra,Mumbai,Anjali,CUST-033,460,153.33,2018,7,3,2018-07,Bookcases
B-25719,29,10,2,Clothing,Stole,COD,2018-07-12,Rashmi,Madhya Pradesh,Indore,Rashmi,CUST-223,29,14.5,2018,7,3,2018-07,Stole
B-25720,30,-35,1,Furniture,Chairs,COD,2018-07-15,Namrata,Punjab,Chandigarh,Namrata,CUST-173,30,30.0,2018,7,3,2018-07,Chairs
B-25721,149,-40,2,Electronics,Phones,COD,2018-07-16,Anchal,Haryana,Chandigarh,Anchal,CUST-029,149,74.5,2018,7,3,2018-07,Phones
B-25721,29,-18,7,Clothing,Skirt,UPI,2018-07-16,Anchal,Haryana,Chandigarh,Anchal,CUST-029,29,4.14,2018,7,3,2018-07,Skirt
B-25721,191,51,5,Clothing,Shirt,UPI,2018-07-16,Anchal,Haryana,Chandigarh,Anchal,CUST-029,191,38.2,2018,7,3,2018-07,Shirt
B-25722,48,-8,8,Clothing,Stole,COD,2018-07-17,Inderpreet,Himachal Pradesh,Simla,Inderpreet,CUST-112,48,6.0,2018,7,3,2018-07,Stole
B-25723,12,-7,2,Clothing,Leggings,UPI,2018-07-18,Wale,Maharashtra,Mumbai,Wale,CUST-332,12,6.0,2018,7,3,2018-07,Leggings
B-25723,76,-54,3,Electronics,Electronic Games,COD,2018-07-18,Wale,Maharashtra,Mumbai,Wale,CUST-332,76,25.33,2018,7,3,2018-07,Electronic Games
B-25723,26,-24,1,Clothing,Stole,COD,2018-07-18,Wale,Maharashtra,Mumbai,Wale,CUST-332,26,26.0,2018,7,3,2018-07,Stole
B-25723,16,-12,2,Clothing,Stole,UPI,2018-07-18,Wale,Maharashtra,Mumbai,Wale,CUST-332,16,8.0,2018,7,3,2018-07,Stole
B-25724,168,-51,2,Furniture,Bookcases,COD,2018-07-19,Sheetal,Madhya Pradesh,Indore,Sheetal,CUST-256,168,84.0,2018,7,3,2018-07,Bookcases
B-25725,144,-7,4,Electronics,Electronic Games,COD,2018-07-20,Anisha,Nagaland,Kohima,Anisha,CUST-031,144,36.0,2018,7,3,2018-07,Electronic Games
B-25725,26,-5,2,Clothing,Stole,UPI,2018-07-20,Anisha,Nagaland,Kohima,Anisha,CUST-031,26,13.0,2018,7,3,2018-07,Stole
B-25725,23,-5,7,Clothing,Hankerchief,Credit Card,2018-07-20,Anisha,Nagaland,Kohima,Anisha,CUST-031,23,3.29,2018,7,3,2018-07,Hankerchief
B-25726,490,-128,8,Furniture,Bookcases,UPI,2018-07-21,Kiran,Maharashtra,Mumbai,Kiran,CUST-131,490,61.25,2018,7,3,2018-07,Bookcases
B-25727,327,114,4,Clothing,Trousers,COD,2018-07-22,Turumella,Madhya Pradesh,Indore,Turumella,CUST-316,327,81.75,2018,7,3,2018-07,Trousers
B-25727,57,-48,6,Clothing,Leggings,Debit Card,2018-07-22,Turumella,Madhya Pradesh,Indore,Turumella,CUST-316,57,9.5,2018,7,3,2018-07,Leggings
B-25728,1055,264,4,Electronics,Printers,EMI,2018-07-22,Ameesha,Maharashtra,Pune,Ameesha,CUST-021,1055,263.75,2018,7,3,2018-07,Printers
B-25728,771,-424,2,Electronics,Phones,Credit Card,2018-07-22,Ameesha,Maharashtra,Pune,Ameesha,CUST-021,771,385.5,2018,7,3,2018-07,Phones
B-25728,322,-113,4,Clothing,Saree,Credit Card,2018-07-22,Ameesha,Maharashtra,Pune,Ameesha,CUST-021,322,80.5,2018,7,3,2018-07,Saree
B-25729,1549,-439,4,Electronics,Phones,Credit Card,2018-07-22,Madhulika,Madhya Pradesh,Bhopal,Madhulika,CUST-144,1549,387.25,2018,7,3,2018-07,Phones
B-25730,1145,-706,3,Electronics,Phones,Credit Card,2018-07-22,Rishabh,Rajasthan,Jaipur,Rishabh,CUST-225,1145,381.67,2018,7,3,2018-07,Phones
B-25730,18,8,2,Clothing,Hankerchief,Debit Card,2018-07-22,Rishabh,Rajasthan,Jaipur,Rishabh,CUST-225,18,9.0,2018,7,3,2018-07,Hankerchief
B-25730,473,42,4,Furniture,Chairs,COD,2018-07-22,Rishabh,Rajasthan,Jaipur,Rishabh,CUST-225,473,118.25,2018,7,3,2018-07,Chairs
B-25730,187,30,4,Electronics,Accessories,Credit Card,2018-07-22,Rishabh,Rajasthan,Jaipur,Rishabh,CUST-225,187,46.75,2018,7,3,2018-07,Accessories
B-25730,83,-81,3,Furniture,Chairs,COD,2018-07-22,Rishabh,Rajasthan,Jaipur,Rishabh,CUST-225,83,27.67,2018,7,3,2018-07,Chairs
B-25730,96,22,5,Clothing,Stole,Credit Card,2018-07-22,Rishabh,Rajasthan,Jaipur,Rishabh,CUST-225,96,19.2,2018,7,3,2018-07,Stole
B-25731,131,-154,8,Furniture,Furnishings,COD,2018-07-26,Akash,West Bengal,Kolkata,Akash,CUST-016,131,16.38,2018,7,3,2018-07,Furnishings
B-25732,16,-5,2,Clothing,Stole,UPI,2018-07-27,Anubhaw,Karnataka,Bangalore,Anubhaw,CUST-038,16,8.0,2018,7,3,2018-07,Stole
B-25733,43,-43,7,Clothing,Stole,Debit Card,2018-07-28,Dhirajendu,Maharashtra,Mumbai,Dhirajendu,CUST-084,43,6.14,2018,7,3,2018-07,Stole
B-25733,30,-10,2,Clothing,Stole,COD,2018-07-28,Dhirajendu,Maharashtra,Mumbai,Dhirajendu,CUST-084,30,15.0,2018,7,3,2018-07,Stole
B-25733,23,-6,4,Clothing,Hankerchief,COD,2018-07-28,Dhirajendu,Maharashtra,Mumbai,Dhirajendu,CUST-084,23,5.75,2018,7,3,2018-07,Hankerchief
B-25734,108,-19,3,Electronics,Electronic Games,UPI,2018-07-29,Pranav,Madhya Pradesh,Indore,Pranav,CUST-209,108,36.0,2018,7,3,2018-07,Electronic Games
B-25735,7,-1,2,Clothing,Skirt,UPI,2018-07-30,Arindam,Uttar Pradesh,Lucknow,Arindam,CUST-045,7,3.5,2018,7,3,2018-07,Skirt
B-25735,12,-2,3,Clothing,Hankerchief,COD,2018-07-30,Arindam,Uttar Pradesh,Lucknow,Arindam,CUST-045,12,4.0,2018,7,3,2018-07,Hankerchief
B-25735,15,-7,1,Clothing,Hankerchief,UPI,2018-07-30,Arindam,Uttar Pradesh,Lucknow,Arindam,CUST-045,15,15.0,2018,7,3,2018-07,Hankerchief
B-25736,31,-7,5,Clothing,Skirt,UPI,2018-07-31,Akshat,Maharashtra,Mumbai,Akshat,CUST-017,31,6.2,2018,7,3,2018-07,Skirt
B-25737,187,-15,3,Clothing,Trousers,COD,2018-08-01,Shubham,Madhya Pradesh,Indore,Shubham,CUST-271,187,62.33,2018,8,3,2018-08,Trousers
B-25738,70,-14,2,Furniture,Furnishings,UPI,2018-08-02,Ayush,Punjab,Chandigarh,Ayush,CUST-061,70,35.0,2018,8,3,2018-08,Furnishings
B-25738,72,-6,3,Clothing,Saree,UPI,2018-08-02,Ayush,Punjab,Chandigarh,Ayush,CUST-061,72,24.0,2018,8,3,2018-08,Saree
B-25738,148,-91,2,Electronics,Phones,COD,2018-08-02,Ayush,Punjab,Chandigarh,Ayush,CUST-061,148,74.0,2018,8,3,2018-08,Phones
B-25738,1069,0,6,Clothing,Saree,EMI,2018-08-02,Ayush,Punjab,Chandigarh,Ayush,CUST-061,1069,178.17,2018,8,3,2018-08,Saree
B-25739,133,-56,2,Furniture,Chairs,COD,2018-08-03,Daksh,Haryana,Chandigarh,Daksh,CUST-078,133,66.5,2018,8,3,2018-08,Chairs
B-25740,58,-8,2,Clothing,Saree,COD,2018-08-03,Rane,Maharashtra,Mumbai,Rane,CUST-222,58,29.0,2018,8,3,2018-08,Saree
B-25740,40,-37,3,Clothing,Stole,COD,2018-08-03,Rane,Maharashtra,Mumbai,Rane,CUST-222,40,13.33,2018,8,3,2018-08,Stole
B-25740,7,0,2,Clothing,Skirt,COD,2018-08-03,Rane,Maharashtra,Mumbai,Rane,CUST-222,7,3.5,2018,8,3,2018-08,Skirt
B-25741,482,-6,7,Electronics,Electronic Games,EMI,2018-08-03,Navdeep,Madhya Pradesh,Indore,Navdeep,CUST-175,482,68.86,2018,8,3,2018-08,Electronic Games
B-25742,11,-8,2,Clothing,Skirt,UPI,2018-08-03,Ashwin,Goa,Goa,Ashwin,CUST-055,11,5.5,2018,8,3,2018-08,Skirt
B-25743,503,-56,2,Clothing,Trousers,COD,2018-08-07,Aman,Nagaland,Kohima,Aman,CUST-020,503,251.5,2018,8,3,2018-08,Trousers
B-25743,99,-5,1,Clothing,Saree,UPI,2018-08-07,Aman,Nagaland,Kohima,Aman,CUST-020,99,99.0,2018,8,3,2018-08,Saree
B-25743,143,-124,5,Clothing,Saree,UPI,2018-08-07,Aman,Nagaland,Kohima,Aman,CUST-020,143,28.6,2018,8,3,2018-08,Saree
B-25743,56,0,4,Clothing,Hankerchief,COD,2018-08-07,Aman,Nagaland,Kohima,Aman,CUST-020,56,14.0,2018,8,3,2018-08,Hankerchief
B-25743,74,-51,3,Clothing,Stole,UPI,2018-08-07,Aman,Nagaland,Kohima,Aman,CUST-020,74,24.67,2018,8,3,2018-08,Stole
B-25744,373,254,6,Electronics,Printers,UPI,2018-08-08,Devendra,Andhra Pradesh,Hyderabad,Devendra,CUST-081,373,62.17,2018,8,3,2018-08,Printers
B-25745,296,225,11,Clothing,Saree,COD,2018-08-09,Kartik,Gujarat,Ahmedabad,Kartik,CUST-128,296,26.91,2018,8,3,2018-08,Saree
B-25745,132,-79,5,Furniture,Furnishings,COD,2018-08-09,Kartik,Gujarat,Ahmedabad,Kartik,CUST-128,132,26.4,2018,8,3,2018-08,Furnishings
B-25745,44,-8,3,Clothing,Stole,Credit Card,2018-08-09,Kartik,Gujarat,Ahmedabad,Kartik,CUST-128,44,14.67,2018,8,3,2018-08,Stole
B-25745,670,15,5,Furniture,Bookcases,Debit Card,2018-08-09,Kartik,Gujarat,Ahmedabad,Kartik,CUST-128,670,134.0,2018,8,3,2018-08,Bookcases
B-25746,87,16,2,Clothing,Saree,UPI,2018-08-10,Shivam,Maharashtra,Pune,Shivam,CUST-261,87,43.5,2018,8,3,2018-08,Saree
B-25747,877,395,2,Furniture,Bookcases,Credit Card,2018-08-11,Harsh,Madhya Pradesh,Bhopal,Harsh,CUST-104,877,438.5,2018,8,3,2018-08,Bookcases
B-25748,47,-21,2,Electronics,Electronic Games,COD,2018-08-12,Nitant,Rajasthan,Jaipur,Nitant,CUST-184,47,23.5,2018,8,3,2018-08,Electronic Games
B-25748,224,58,3,Electronics,Phones,UPI,2018-08-12,Nitant,Rajasthan,Jaipur,Nitant,CUST-184,224,74.67,2018,8,3,2018-08,Phones
B-25748,141,10,4,Clothing,Shirt,UPI,2018-08-12,Nitant,Rajasthan,Jaipur,Nitant,CUST-184,141,35.25,2018,8,3,2018-08,Shirt
B-25748,8,-1,2,Clothing,Leggings,COD,2018-08-12,Nitant,Rajasthan,Jaipur,Nitant,CUST-184,8,4.0,2018,8,3,2018-08,Leggings
B-25749,1052,-82,3,Furniture,Bookcases,UPI,2018-08-13,Ayush,Maharashtra,Mumbai,Ayush,CUST-061,1052,350.67,2018,8,3,2018-08,Bookcases
B-25750,19,-1,1,Clothing,Shirt,Debit Card,2018-08-14,Priyanshu,Madhya Pradesh,Indore,Priyanshu,CUST-217,19,19.0,2018,8,3,2018-08,Shirt
B-25750,208,-25,2,Clothing,Saree,COD,2018-08-14,Priyanshu,Madhya Pradesh,Indore,Priyanshu,CUST-217,208,104.0,2018,8,3,2018-08,Saree
B-25750,212,-24,2,Furniture,Chairs,COD,2018-08-14,Priyanshu,Madhya Pradesh,Indore,Priyanshu,CUST-217,212,106.0,2018,8,3,2018-08,Chairs
B-25750,199,-18,2,Clothing,Saree,COD,2018-08-14,Priyanshu,Madhya Pradesh,Indore,Priyanshu,CUST-217,199,99.5,2018,8,3,2018-08,Saree
B-25750,78,-6,2,Furniture,Furnishings,UPI,2018-08-14,Priyanshu,Madhya Pradesh,Indore,Priyanshu,CUST-217,78,39.0,2018,8,3,2018-08,Furnishings
B-25750,73,-31,1,Furniture,Bookcases,COD,2018-08-14,Priyanshu,Madhya Pradesh,Indore,Priyanshu,CUST-217,73,73.0,2018,8,3,2018-08,Bookcases
B-25750,42,-15,12,Clothing,Skirt,UPI,2018-08-14,Priyanshu,Madhya Pradesh,Indore,Priyanshu,CUST-217,42,3.5,2018,8,3,2018-08,Skirt
B-25750,22,-12,3,Clothing,Stole,COD,2018-08-14,Priyanshu,Madhya Pradesh,Indore,Priyanshu,CUST-217,22,7.33,2018,8,3,2018-08,Stole
B-25750,539,-146,7,Furniture,Furnishings,Debit Card,2018-08-14,Priyanshu,Madhya Pradesh,Indore,Priyanshu,CUST-217,539,77.0,2018,8,3,2018-08,Furnishings
B-25751,32,7,3,Clothing,Hankerchief,COD,2018-08-14,Nishant,Maharashtra,Mumbai,Nishant,CUST-182,32,10.67,2018,8,3,2018-08,Hankerchief
B-25751,221,-15,2,Electronics,Electronic Games,COD,2018-08-14,Nishant,Maharashtra,Mumbai,Nishant,CUST-182,221,110.5,2018,8,3,2018-08,Electronic Games
B-25751,10,-8,1,Clothing,Kurti,UPI,2018-08-14,Nishant,Maharashtra,Mumbai,Nishant,CUST-182,10,10.0,2018,8,3,2018-08,Kurti
B-25751,106,0,2,Electronics,Phones,EMI,2018-08-14,Nishant,Maharashtra,Mumbai,Nishant,CUST-182,106,53.0,2018,8,3,2018-08,Phones
B-25751,65,-4,6,Clothing,Hankerchief,COD,2018-08-14,Nishant,Maharashtra,Mumbai,Nishant,CUST-182,65,10.83,2018,8,3,2018-08,Hankerchief
B-25751,43,-5,2,Clothing,Saree,COD,2018-08-14,Nishant,Maharashtra,Mumbai,Nishant,CUST-182,43,21.5,2018,8,3,2018-08,Saree
B-25751,43,21,3,Clothing,Shirt,COD,2018-08-14,Nishant,Maharashtra,Mumbai,Nishant,CUST-182,43,14.33,2018,8,3,2018-08,Shirt
B-25751,534,5,2,Electronics,Electronic Games,Debit Card,2018-08-14,Nishant,Maharashtra,Mumbai,Nishant,CUST-182,534,267.0,2018,8,3,2018-08,Electronic Games
B-25751,68,-56,2,Electronics,Phones,COD,2018-08-14,Nishant,Maharashtra,Mumbai,Nishant,CUST-182,68,34.0,2018,8,3,2018-08,Phones
B-25751,14,-3,2,Clothing,Leggings,COD,2018-08-14,Nishant,Maharashtra,Mumbai,Nishant,CUST-182,14,7.0,2018,8,3,2018-08,Leggings
B-25752,761,266,9,Electronics,Electronic Games,COD,2018-08-14,Vaibhav,Madhya Pradesh,Indore,Vaibhav,CUST-321,761,84.56,2018,8,3,2018-08,Electronic Games
B-25752,735,-235,6,Electronics,Printers,COD,2018-08-14,Vaibhav,Madhya Pradesh,Indore,Vaibhav,CUST-321,735,122.5,2018,8,3,2018-08,Printers
B-25752,76,27,5,Clothing,Stole,COD,2018-08-14,Vaibhav,Madhya Pradesh,Indore,Vaibhav,CUST-321,76,15.2,2018,8,3,2018-08,Stole
B-25752,91,15,6,Clothing,T-shirt,UPI,2018-08-14,Vaibhav,Madhya Pradesh,Indore,Vaibhav,CUST-321,91,15.17,2018,8,3,2018-08,T-shirt
B-25752,33,-27,1,Furniture,Chairs,Credit Card,2018-08-14,Vaibhav,Madhya Pradesh,Indore,Vaibhav,CUST-321,33,33.0,2018,8,3,2018-08,Chairs
B-25752,1361,197,9,Furniture,Bookcases,COD,2018-08-14,Vaibhav,Madhya Pradesh,Indore,Vaibhav,CUST-321,1361,151.22,2018,8,3,2018-08,Bookcases
B-25752,8,-2,2,Clothing,Hankerchief,COD,2018-08-14,Vaibhav,Madhya Pradesh,Indore,Vaibhav,CUST-321,8,4.0,2018,8,3,2018-08,Hankerchief
B-25753,341,-85,6,Clothing,Trousers,Credit Card,2018-08-17,Shivam,Uttar Pradesh,Lucknow,Shivam,CUST-261,341,56.83,2018,8,3,2018-08,Trousers
B-25753,154,22,7,Clothing,T-shirt,COD,2018-08-17,Shivam,Uttar Pradesh,Lucknow,Shivam,CUST-261,154,22.0,2018,8,3,2018-08,T-shirt
B-25753,65,-52,3,Electronics,Accessories,COD,2018-08-17,Shivam,Uttar Pradesh,Lucknow,Shivam,CUST-261,65,21.67,2018,8,3,2018-08,Accessories
B-25753,47,-114,5,Furniture,Furnishings,COD,2018-08-17,Shivam,Uttar Pradesh,Lucknow,Shivam,CUST-261,47,9.4,2018,8,3,2018-08,Furnishings
B-25753,62,-56,5,Clothing,Kurti,COD,2018-08-17,Shivam,Uttar Pradesh,Lucknow,Shivam,CUST-261,62,12.4,2018,8,3,2018-08,Kurti
B-25753,77,-43,8,Clothing,Stole,COD,2018-08-17,Shivam,Uttar Pradesh,Lucknow,Shivam,CUST-261,77,9.62,2018,8,3,2018-08,Stole
B-25753,27,-20,2,Clothing,Hankerchief,COD,2018-08-17,Shivam,Uttar Pradesh,Lucknow,Shivam,CUST-261,27,13.5,2018,8,3,2018-08,Hankerchief
B-25753,107,31,5,Clothing,T-shirt,COD,2018-08-17,Shivam,Uttar Pradesh,Lucknow,Shivam,CUST-261,107,21.4,2018,8,3,2018-08,T-shirt
B-25753,620,82,6,Electronics,Accessories,COD,2018-08-17,Shivam,Uttar Pradesh,Lucknow,Shivam,CUST-261,620,103.33,2018,8,3,2018-08,Accessories
B-25754,9,-1,3,Clothing,Skirt,UPI,2018-08-18,Akshay,Bihar,Patna,Akshay,CUST-019,9,3.0,2018,8,3,2018-08,Skirt
B-25754,72,-46,7,Clothing,Kurti,Debit Card,2018-08-18,Akshay,Bihar,Patna,Akshay,CUST-019,72,10.29,2018,8,3,2018-08,Kurti
B-25754,19,0,3,Clothing,Skirt,UPI,2018-08-18,Akshay,Bihar,Patna,Akshay,CUST-019,19,6.33,2018,8,3,2018-08,Skirt
B-25754,41,-14,5,Clothing,Leggings,UPI,2018-08-18,Akshay,Bihar,Patna,Akshay,CUST-019,41,8.2,2018,8,3,2018-08,Leggings
B-25754,93,-65,4,Clothing,Stole,Credit Card,2018-08-18,Akshay,Bihar,Patna,Akshay,CUST-019,93,23.25,2018,8,3,2018-08,Stole
B-25754,262,215,2,Electronics,Printers,Debit Card,2018-08-18,Akshay,Bihar,Patna,Akshay,CUST-019,262,131.0,2018,8,3,2018-08,Printers
B-25754,319,312,5,Clothing,Saree,Debit Card,2018-08-18,Akshay,Bihar,Patna,Akshay,CUST-019,319,63.8,2018,8,3,2018-08,Saree
B-25754,30,-23,2,Clothing,Saree,UPI,2018-08-18,Akshay,Bihar,Patna,Akshay,CUST-019,30,15.0,2018,8,3,2018-08,Saree
B-25755,1709,564,3,Clothing,Trousers,Credit Card,2018-08-19,Shourya,Kerala,Thiruvananthapuram,Shourya,CUST-265,1709,569.67,2018,8,3,2018-08,Trousers
B-25755,134,-34,2,Furniture,Chairs,COD,2018-08-19,Shourya,Kerala,Thiruvananthapuram,Shourya,CUST-265,134,67.0,2018,8,3,2018-08,Chairs
B-25755,47,-3,2,Clothing,Stole,UPI,2018-08-19,Shourya,Kerala,Thiruvananthapuram,Shourya,CUST-265,47,23.5,2018,8,3,2018-08,Stole
B-25755,257,-3,2,Furniture,Bookcases,UPI,2018-08-19,Shourya,Kerala,Thiruvananthapuram,Shourya,CUST-265,257,128.5,2018,8,3,2018-08,Bookcases
B-25755,80,-19,5,Clothing,Stole,UPI,2018-08-19,Shourya,Kerala,Thiruvananthapuram,Shourya,CUST-265,80,16.0,2018,8,3,2018-08,Stole
B-25755,26,4,2,Clothing,Saree,UPI,2018-08-19,Shourya,Kerala,Thiruvananthapuram,Shourya,CUST-265,26,13.0,2018,8,3,2018-08,Saree
B-25755,37,-53,3,Clothing,Saree,Credit Card,2018-08-19,Shourya,Kerala,Thiruvananthapuram,Shourya,CUST-265,37,12.33,2018,8,3,2018-08,Saree
B-25755,593,213,4,Furniture,Bookcases,Debit Card,2018-08-19,Shourya,Kerala,Thiruvananthapuram,Shourya,CUST-265,593,148.25,2018,8,3,2018-08,Bookcases
B-25755,321,315,5,Clothing,Saree,UPI,2018-08-19,Shourya,Kerala,Thiruvananthapuram,Shourya,CUST-265,321,64.2,2018,8,3,2018-08,Saree
B-25756,729,-492,5,Furniture,Bookcases,UPI,2018-08-20,Mohan,Maharashtra,Mumbai,Mohan,CUST-161,729,145.8,2018,8,3,2018-08,Bookcases
B-25756,465,-33,4,Electronics,Phones,EMI,2018-08-20,Mohan,Maharashtra,Mumbai,Mohan,CUST-161,465,116.25,2018,8,3,2018-08,Phones
B-25756,204,276,3,Furniture,Bookcases,COD,2018-08-20,Mohan,Maharashtra,Mumbai,Mohan,CUST-161,204,68.0,2018,8,3,2018-08,Bookcases
B-25756,29,-24,4,Clothing,Leggings,COD,2018-08-20,Mohan,Maharashtra,Mumbai,Mohan,CUST-161,29,7.25,2018,8,3,2018-08,Leggings
B-25756,643,-45,2,Electronics,Printers,Debit Card,2018-08-20,Mohan,Maharashtra,Mumbai,Mohan,CUST-161,643,321.5,2018,8,3,2018-08,Printers
B-25757,17,-13,4,Clothing,Skirt,Debit Card,2018-08-21,Vishakha,Madhya Pradesh,Indore,Vishakha,CUST-329,17,4.25,2018,8,3,2018-08,Skirt
B-25757,46,14,5,Clothing,Skirt,Debit Card,2018-08-21,Vishakha,Madhya Pradesh,Indore,Vishakha,CUST-329,46,9.2,2018,8,3,2018-08,Skirt
B-25757,211,19,8,Clothing,Stole,COD,2018-08-21,Vishakha,Madhya Pradesh,Indore,Vishakha,CUST-329,211,26.38,2018,8,3,2018-08,Stole
B-25757,165,30,3,Clothing,Stole,COD,2018-08-21,Vishakha,Madhya Pradesh,Indore,Vishakha,CUST-329,165,55.0,2018,8,3,2018-08,Stole
B-25757,34,-11,5,Clothing,T-shirt,COD,2018-08-21,Vishakha,Madhya Pradesh,Indore,Vishakha,CUST-329,34,6.8,2018,8,3,2018-08,T-shirt
B-25757,98,9,2,Furniture,Furnishings,COD,2018-08-21,Vishakha,Madhya Pradesh,Indore,Vishakha,CUST-329,98,49.0,2018,8,3,2018-08,Furnishings
B-25757,106,15,7,Clothing,Hankerchief,Credit Card,2018-08-21,Vishakha,Madhya Pradesh,Indore,Vishakha,CUST-329,106,15.14,2018,8,3,2018-08,Hankerchief
B-25757,53,15,2,Clothing,Stole,COD,2018-08-21,Vishakha,Madhya Pradesh,Indore,Vishakha,CUST-329,53,26.5,2018,8,3,2018-08,Stole
B-25757,14,5,1,Clothing,Hankerchief,COD,2018-08-21,Vishakha,Madhya Pradesh,Indore,Vishakha,CUST-329,14,14.0,2018,8,3,2018-08,Hankerchief
B-25757,17,7,3,Clothing,Hankerchief,UPI,2018-08-21,Vishakha,Madhya Pradesh,Indore,Vishakha,CUST-329,17,5.67,2018,8,3,2018-08,Hankerchief
B-25757,3151,-35,7,Clothing,Trousers,EMI,2018-08-21,Vishakha,Madhya Pradesh,Indore,Vishakha,CUST-329,3151,450.14,2018,8,3,2018-08,Trousers
B-25758,8,-2,1,Clothing,Stole,COD,2018-08-22,Shubham,Himachal Pradesh,Simla,Shubham,CUST-271,8,8.0,2018,8,3,2018-08,Stole
B-25759,20,-9,6,Clothing,Hankerchief,Debit Card,2018-08-23,Soumya,Sikkim,Gangtok,Soumya,CUST-284,20,3.33,2018,8,3,2018-08,Hankerchief
B-25760,322,-193,5,Electronics,Printers,UPI,2018-08-24,Pooja,Goa,Goa,Pooja,CUST-205,322,64.4,2018,8,3,2018-08,Printers
B-25761,2188,1050,5,Furniture,Bookcases,Credit Card,2018-08-25,Madhav,Uttar Pradesh,Mathura,Madhav,CUST-143,2188,437.6,2018,8,3,2018-08,Bookcases
B-25761,418,70,7,Electronics,Phones,COD,2018-08-25,Madhav,Uttar Pradesh,Mathura,Madhav,CUST-143,418,59.71,2018,8,3,2018-08,Phones
B-25761,102,-90,1,Clothing,Saree,COD,2018-08-25,Madhav,Uttar Pradesh,Mathura,Madhav,CUST-143,102,102.0,2018,8,3,2018-08,Saree
B-25761,263,-31,9,Electronics,Electronic Games,Debit Card,2018-08-25,Madhav,Uttar Pradesh,Mathura,Madhav,CUST-143,263,29.22,2018,8,3,2018-08,Electronic Games
B-25761,328,-15,3,Electronics,Electronic Games,Debit Card,2018-08-25,Madhav,Uttar Pradesh,Mathura,Madhav,CUST-143,328,109.33,2018,8,3,2018-08,Electronic Games
B-25761,40,0,3,Clothing,Saree,Credit Card,2018-08-25,Madhav,Uttar Pradesh,Mathura,Madhav,CUST-143,40,13.33,2018,8,3,2018-08,Saree
B-25762,1316,527,7,Electronics,Electronic Games,Credit Card,2018-08-26,Anudeep,Madhya Pradesh,Indore,Anudeep,CUST-039,1316,188.0,2018,8,3,2018-08,Electronic Games
B-25762,98,-5,2,Clothing,Saree,UPI,2018-08-26,Anudeep,Madhya Pradesh,Indore,Anudeep,CUST-039,98,49.0,2018,8,3,2018-08,Saree
B-25762,27,4,3,Clothing,Skirt,COD,2018-08-26,Anudeep,Madhya Pradesh,Indore,Anudeep,CUST-039,27,9.0,2018,8,3,2018-08,Skirt
B-25763,58,-52,3,Furniture,Chairs,COD,2018-08-27,Noshiba,Gujarat,Ahmedabad,Noshiba,CUST-186,58,19.33,2018,8,3,2018-08,Chairs
B-25764,26,0,2,Clothing,Kurti,COD,2018-08-28,Sanjova,Maharashtra,Pune,Sanjova,CUST-243,26,13.0,2018,8,3,2018-08,Kurti
B-25764,349,-24,2,Clothing,Saree,Debit Card,2018-08-28,Sanjova,Maharashtra,Pune,Sanjova,CUST-243,349,174.5,2018,8,3,2018-08,Saree
B-25764,765,-153,2,Electronics,Phones,Debit Card,2018-08-28,Sanjova,Maharashtra,Pune,Sanjova,CUST-243,765,382.5,2018,8,3,2018-08,Phones
B-25764,119,43,5,Clothing,T-shirt,COD,2018-08-28,Sanjova,Maharashtra,Pune,Sanjova,CUST-243,119,23.8,2018,8,3,2018-08,T-shirt
B-25765,139,14,3,Clothing,Stole,COD,2018-08-29,Meghana,Madhya Pradesh,Bhopal,Meghana,CUST-158,139,46.33,2018,8,3,2018-08,Stole
B-25766,220,-19,2,Clothing,Saree,Debit Card,2018-08-30,Surabhi,Rajasthan,Jaipur,Surabhi,CUST-300,220,110.0,2018,8,3,2018-08,Saree
B-25767,299,-28,3,Electronics,Electronic Games,UPI,2018-08-31,Ashmeet,West Bengal,Kolkata,Ashmeet,CUST-052,299,99.67,2018,8,3,2018-08,Electronic Games
B-25767,74,-59,2,Electronics,Accessories,Debit Card,2018-08-31,Ashmeet,West Bengal,Kolkata,Ashmeet,CUST-052,74,37.0,2018,8,3,2018-08,Accessories
B-25767,48,-22,2,Clothing,Saree,EMI,2018-08-31,Ashmeet,West Bengal,Kolkata,Ashmeet,CUST-052,48,24.0,2018,8,3,2018-08,Saree
B-25767,29,-3,3,Clothing,Saree,COD,2018-08-31,Ashmeet,West Bengal,Kolkata,Ashmeet,CUST-052,29,9.67,2018,8,3,2018-08,Saree
B-25767,9,-9,2,Clothing,Kurti,COD,2018-08-31,Ashmeet,West Bengal,Kolkata,Ashmeet,CUST-052,9,4.5,2018,8,3,2018-08,Kurti
B-25768,1582,-443,6,Clothing,Trousers,EMI,2018-09-01,Shreyoshe,Karnataka,Bangalore,Shreyoshe,CUST-267,1582,263.67,2018,9,3,2018-09,Trousers
B-25769,355,-4,2,Clothing,Saree,Debit Card,2018-09-02,Surbhi,Maharashtra,Mumbai,Surbhi,CUST-302,355,177.5,2018,9,3,2018-09,Saree
B-25770,299,113,2,Furniture,Bookcases,COD,2018-09-02,Sakshi,Madhya Pradesh,Indore,Sakshi,CUST-235,299,149.5,2018,9,3,2018-09,Bookcases
B-25770,375,180,3,Furniture,Bookcases,Credit Card,2018-09-02,Sakshi,Madhya Pradesh,Indore,Sakshi,CUST-235,375,125.0,2018,9,3,2018-09,Bookcases
B-25770,110,35,1,Furniture,Furnishings,COD,2018-09-02,Sakshi,Madhya Pradesh,Indore,Sakshi,CUST-235,110,110.0,2018,9,3,2018-09,Furnishings
B-25770,287,-280,12,Furniture,Chairs,UPI,2018-09-02,Sakshi,Madhya Pradesh,Indore,Sakshi,CUST-235,287,23.92,2018,9,3,2018-09,Chairs
B-25771,148,59,3,Clothing,Hankerchief,COD,2018-09-02,Vaibhavi,Uttar Pradesh,Lucknow,Vaibhavi,CUST-322,148,49.33,2018,9,3,2018-09,Hankerchief
B-25772,1183,106,4,Electronics,Printers,EMI,2018-09-02,Sanjana,Bihar,Patna,Sanjana,CUST-240,1183,295.75,2018,9,3,2018-09,Printers
B-25773,224,-143,3,Furniture,Chairs,COD,2018-09-06,Shreya,Kerala,Thiruvananthapuram,Shreya,CUST-266,224,74.67,2018,9,3,2018-09,Chairs
B-25773,248,-70,3,Furniture,Chairs,Credit Card,2018-09-06,Shreya,Kerala,Thiruvananthapuram,Shreya,CUST-266,248,82.67,2018,9,3,2018-09,Chairs
B-25773,437,-14,2,Clothing,Saree,UPI,2018-09-06,Shreya,Kerala,Thiruvananthapuram,Shreya,CUST-266,437,218.5,2018,9,3,2018-09,Saree
B-25773,85,-9,4,Clothing,Saree,COD,2018-09-06,Shreya,Kerala,Thiruvananthapuram,Shreya,CUST-266,85,21.25,2018,9,3,2018-09,Saree
B-25773,209,-21,2,Electronics,Electronic Games,UPI,2018-09-06,Shreya,Kerala,Thiruvananthapuram,Shreya,CUST-266,209,104.5,2018,9,3,2018-09,Electronic Games
B-25774,38,-6,2,Furniture,Furnishings,UPI,2018-09-07,Snehal,Punjab,Chandigarh,Snehal,CUST-279,38,19.0,2018,9,3,2018-09,Furnishings
B-25775,50,-17,2,Clothing,Stole,COD,2018-09-08,Duhita,Haryana,Chandigarh,Duhita,CUST-093,50,25.0,2018,9,3,2018-09,Stole
B-25776,47,-20,2,Clothing,Kurti,Debit Card,2018-09-09,Mousam,Maharashtra,Mumbai,Mousam,CUST-166,47,23.5,2018,9,3,2018-09,Kurti
B-25777,1076,-38,4,Electronics,Printers,Credit Card,2018-09-10,Aditi,Madhya Pradesh,Indore,Aditi,CUST-010,1076,269.0,2018,9,3,2018-09,Printers
B-25777,59,-46,7,Clothing,T-shirt,UPI,2018-09-10,Aditi,Madhya Pradesh,Indore,Aditi,CUST-010,59,8.43,2018,9,3,2018-09,T-shirt
B-25777,117,17,6,Clothing,Kurti,COD,2018-09-10,Aditi,Madhya Pradesh,Indore,Aditi,CUST-010,117,19.5,2018,9,3,2018-09,Kurti
B-25777,61,-25,4,Electronics,Accessories,UPI,2018-09-10,Aditi,Madhya Pradesh,Indore,Aditi,CUST-010,61,15.25,2018,9,3,2018-09,Accessories
B-25777,69,-67,4,Clothing,Kurti,UPI,2018-09-10,Aditi,Madhya Pradesh,Indore,Aditi,CUST-010,69,17.25,2018,9,3,2018-09,Kurti
B-25778,1506,-266,6,Electronics,Printers,Credit Card,2018-09-11,Surabhi,Maharashtra,Mumbai,Surabhi,CUST-300,1506,251.0,2018,9,3,2018-09,Printers
B-25778,933,166,5,Clothing,Saree,Credit Card,2018-09-11,Surabhi,Maharashtra,Mumbai,Surabhi,CUST-300,933,186.6,2018,9,3,2018-09,Saree
B-25778,109,-6,6,Clothing,Saree,COD,2018-09-11,Surabhi,Maharashtra,Mumbai,Surabhi,CUST-300,109,18.17,2018,9,3,2018-09,Saree
B-25778,724,-447,4,Electronics,Electronic Games,UPI,2018-09-11,Surabhi,Maharashtra,Mumbai,Surabhi,CUST-300,724,181.0,2018,9,3,2018-09,Electronic Games
B-25779,1361,980,3,Furniture,Tables,COD,2018-09-12,Savi,Maharashtra,Pune,Savi,CUST-250,1361,453.67,2018,9,3,2018-09,Tables
B-25780,137,-41,3,Electronics,Phones,Debit Card,2018-09-13,Teena,Andhra Pradesh,Hyderabad,Teena,CUST-311,137,45.67,2018,9,3,2018-09,Phones
B-25781,45,-28,2,Clothing,Stole,Debit Card,2018-09-14,Rutuja,Gujarat,Ahmedabad,Rutuja,CUST-230,45,22.5,2018,9,3,2018-09,Stole
B-25781,25,-1,4,Clothing,Kurti,COD,2018-09-14,Rutuja,Gujarat,Ahmedabad,Rutuja,CUST-230,25,6.25,2018,9,3,2018-09,Kurti
B-25781,60,-49,8,Clothing,Hankerchief,COD,2018-09-14,Rutuja,Gujarat,Ahmedabad,Rutuja,CUST-230,60,7.5,2018,9,3,2018-09,Hankerchief
B-25781,30,-25,2,Clothing,T-shirt,COD,2018-09-14,Rutuja,Gujarat,Ahmedabad,Rutuja,CUST-230,30,15.0,2018,9,3,2018-09,T-shirt
B-25781,584,-444,7,Electronics,Printers,UPI,2018-09-14,Rutuja,Gujarat,Ahmedabad,Rutuja,CUST-230,584,83.43,2018,9,3,2018-09,Printers
B-25781,767,-353,5,Clothing,Trousers,COD,2018-09-14,Rutuja,Gujarat,Ahmedabad,Rutuja,CUST-230,767,153.4,2018,9,3,2018-09,Trousers
B-25782,335,-22,7,Furniture,Chairs,UPI,2018-09-15,Aayushi,Maharashtra,Mumbai,Aayushi,CUST-005,335,47.86,2018,9,3,2018-09,Chairs
B-25783,33,-10,6,Clothing,Leggings,UPI,2018-09-15,Shivangi,Madhya Pradesh,Indore,Shivangi,CUST-262,33,5.5,2018,9,3,2018-09,Leggings
B-25783,25,-11,1,Clothing,Stole,UPI,2018-09-15,Shivangi,Madhya Pradesh,Indore,Shivangi,CUST-262,25,25.0,2018,9,3,2018-09,Stole
B-25783,26,2,2,Clothing,Hankerchief,COD,2018-09-15,Shivangi,Madhya Pradesh,Indore,Shivangi,CUST-262,26,13.0,2018,9,3,2018-09,Hankerchief
B-25783,30,-6,2,Clothing,Hankerchief,UPI,2018-09-15,Shivangi,Madhya Pradesh,Indore,Shivangi,CUST-262,30,15.0,2018,9,3,2018-09,Hankerchief
B-25783,21,-17,3,Clothing,Shirt,COD,2018-09-15,Shivangi,Madhya Pradesh,Indore,Shivangi,CUST-262,21,7.0,2018,9,3,2018-09,Shirt
B-25784,15,4,1,Clothing,Hankerchief,Debit Card,2018-09-15,Rohit,Rajasthan,Jaipur,Rohit,CUST-229,15,15.0,2018,9,3,2018-09,Hankerchief
B-25785,595,292,3,Clothing,Saree,COD,2018-09-15,Ayush,West Bengal,Kolkata,Ayush,CUST-061,595,198.33,2018,9,3,2018-09,Saree
B-25785,192,-146,3,Clothing,Saree,COD,2018-09-15,Ayush,West Bengal,Kolkata,Ayush,CUST-061,192,64.0,2018,9,3,2018-09,Saree
B-25785,268,-25,3,Clothing,Saree,COD,2018-09-15,Ayush,West Bengal,Kolkata,Ayush,CUST-061,268,89.33,2018,9,3,2018-09,Saree
B-25785,45,0,2,Clothing,T-shirt,COD,2018-09-15,Ayush,West Bengal,Kolkata,Ayush,CUST-061,45,22.5,2018,9,3,2018-09,T-shirt
B-25786,1854,433,5,Furniture,Bookcases,Credit Card,2018-09-19,Madan Mohan,Uttar Pradesh,Mathura,Madan Mohan,CUST-142,1854,370.8,2018,9,3,2018-09,Bookcases
B-25786,623,-192,3,Furniture,Tables,UPI,2018-09-19,Madan Mohan,Uttar Pradesh,Mathura,Madan Mohan,CUST-142,623,207.67,2018,9,3,2018-09,Tables
B-25786,44,-34,3,Clothing,Stole,Credit Card,2018-09-19,Madan Mohan,Uttar Pradesh,Mathura,Madan Mohan,CUST-142,44,14.67,2018,9,3,2018-09,Stole
B-25786,17,-11,3,Clothing,Skirt,UPI,2018-09-19,Madan Mohan,Uttar Pradesh,Mathura,Madan Mohan,CUST-142,17,5.67,2018,9,3,2018-09,Skirt
B-25787,556,-209,7,Clothing,Saree,COD,2018-09-20,Asish,Jammu and Kashmir,Kashmir,Asish,CUST-056,556,79.43,2018,9,3,2018-09,Saree
B-25787,40,-12,3,Clothing,Shirt,COD,2018-09-20,Asish,Jammu and Kashmir,Kashmir,Asish,CUST-056,40,13.33,2018,9,3,2018-09,Shirt
B-25787,140,-58,4,Furniture,Furnishings,COD,2018-09-20,Asish,Jammu and Kashmir,Kashmir,Asish,CUST-056,140,35.0,2018,9,3,2018-09,Furnishings
B-25787,229,-41,8,Electronics,Accessories,COD,2018-09-20,Asish,Jammu and Kashmir,Kashmir,Asish,CUST-056,229,28.62,2018,9,3,2018-09,Accessories
B-25788,12,3,1,Clothing,Stole,UPI,2018-09-21,Dinesh,Tamil Nadu,Chennai,Dinesh,CUST-085,12,12.0,2018,9,3,2018-09,Stole
B-25789,67,-86,9,Furniture,Furnishings,COD,2018-09-22,Akshay,Uttar Pradesh,Lucknow,Akshay,CUST-019,67,7.44,2018,9,3,2018-09,Furnishings
B-25789,313,-13,5,Furniture,Bookcases,UPI,2018-09-22,Akshay,Uttar Pradesh,Lucknow,Akshay,CUST-019,313,62.6,2018,9,3,2018-09,Bookcases
B-25789,30,0,1,Clothing,Kurti,COD,2018-09-22,Akshay,Uttar Pradesh,Lucknow,Akshay,CUST-019,30,30.0,2018,9,3,2018-09,Kurti
B-25790,42,-3,1,Electronics,Electronic Games,COD,2018-09-23,Sajal,Bihar,Patna,Sajal,CUST-234,42,42.0,2018,9,3,2018-09,Electronic Games
B-25791,565,66,7,Clothing,Saree,Credit Card,2018-09-24,Avish,Kerala,Thiruvananthapuram,Avish,CUST-059,565,80.71,2018,9,3,2018-09,Saree
B-25791,253,-63,2,Clothing,Saree,UPI,2018-09-24,Avish,Kerala,Thiruvananthapuram,Avish,CUST-059,253,126.5,2018,9,3,2018-09,Saree
B-25791,175,77,3,Clothing,Saree,COD,2018-09-24,Avish,Kerala,Thiruvananthapuram,Avish,CUST-059,175,58.33,2018,9,3,2018-09,Saree
B-25792,74,-25,3,Clothing,Stole,COD,2018-09-24,Abhishek,Maharashtra,Mumbai,Abhishek,CUST-008,74,24.67,2018,9,3,2018-09,Stole
B-25793,60,-12,4,Clothing,Hankerchief,Debit Card,2018-09-24,Siddharth,Madhya Pradesh,Indore,Siddharth,CUST-275,60,15.0,2018,9,3,2018-09,Hankerchief
B-25793,257,-252,4,Clothing,Saree,Debit Card,2018-09-24,Siddharth,Madhya Pradesh,Indore,Siddharth,CUST-275,257,64.25,2018,9,3,2018-09,Saree
B-25793,63,-24,6,Clothing,Kurti,COD,2018-09-24,Siddharth,Madhya Pradesh,Indore,Siddharth,CUST-275,63,10.5,2018,9,3,2018-09,Kurti
B-25793,40,-33,5,Clothing,Hankerchief,Credit Card,2018-09-24,Siddharth,Madhya Pradesh,Indore,Siddharth,CUST-275,40,8.0,2018,9,3,2018-09,Hankerchief
B-25793,24,-1,4,Clothing,Skirt,Credit Card,2018-09-24,Siddharth,Madhya Pradesh,Indore,Siddharth,CUST-275,24,6.0,2018,9,3,2018-09,Skirt
B-25793,18,1,3,Clothing,Hankerchief,COD,2018-09-24,Siddharth,Madhya Pradesh,Indore,Siddharth,CUST-275,18,6.0,2018,9,3,2018-09,Hankerchief
B-25793,1402,109,11,Clothing,Saree,EMI,2018-09-24,Siddharth,Madhya Pradesh,Indore,Siddharth,CUST-275,1402,127.45,2018,9,3,2018-09,Saree
B-25794,176,37,6,Electronics,Accessories,COD,2018-09-24,Aditya,Himachal Pradesh,Simla,Aditya,CUST-011,176,29.33,2018,9,3,2018-09,Accessories
B-25795,276,-21,2,Electronics,Phones,EMI,2018-09-24,Sukant,Sikkim,Gangtok,Sukant,CUST-295,276,138.0,2018,9,3,2018-09,Phones
B-25796,632,-316,6,Clothing,Saree,COD,2018-09-24,Sukrith,Maharashtra,Mumbai,Sukrith,CUST-296,632,105.33,2018,9,3,2018-09,Saree
B-25796,239,-162,5,Furniture,Chairs,COD,2018-09-24,Sukrith,Maharashtra,Mumbai,Sukrith,CUST-296,239,47.8,2018,9,3,2018-09,Chairs
B-25796,148,0,3,Clothing,Saree,COD,2018-09-24,Sukrith,Maharashtra,Mumbai,Sukrith,CUST-296,148,49.33,2018,9,3,2018-09,Saree
B-25796,37,-6,1,Clothing,Saree,UPI,2018-09-24,Sukrith,Maharashtra,Mumbai,Sukrith,CUST-296,37,37.0,2018,9,3,2018-09,Saree
B-25796,78,-64,7,Clothing,Stole,EMI,2018-09-24,Sukrith,Maharashtra,Mumbai,Sukrith,CUST-296,78,11.14,2018,9,3,2018-09,Stole
B-25796,559,-19,2,Clothing,Trousers,Debit Card,2018-09-24,Sukrith,Maharashtra,Mumbai,Sukrith,CUST-296,559,279.5,2018,9,3,2018-09,Trousers
B-25796,28,1,1,Electronics,Accessories,UPI,2018-09-24,Sukrith,Maharashtra,Mumbai,Sukrith,CUST-296,28,28.0,2018,9,3,2018-09,Accessories
B-25797,1630,802,5,Furniture,Tables,EMI,2018-09-30,Sauptik,Madhya Pradesh,Indore,Sauptik,CUST-248,1630,326.0,2018,9,3,2018-09,Tables
B-25797,413,-314,9,Furniture,Chairs,COD,2018-09-30,Sauptik,Madhya Pradesh,Indore,Sauptik,CUST-248,413,45.89,2018,9,3,2018-09,Chairs
B-25797,31,1,2,Clothing,Hankerchief,UPI,2018-09-30,Sauptik,Madhya Pradesh,Indore,Sauptik,CUST-248,31,15.5,2018,9,3,2018-09,Hankerchief
B-25797,148,-101,2,Furniture,Bookcases,UPI,2018-09-30,Sauptik,Madhya Pradesh,Indore,Sauptik,CUST-248,148,74.0,2018,9,3,2018-09,Bookcases
B-25797,89,-4,5,Clothing,Saree,Credit Card,2018-09-30,Sauptik,Madhya Pradesh,Indore,Sauptik,CUST-248,89,17.8,2018,9,3,2018-09,Saree
B-25797,976,293,4,Electronics,Accessories,COD,2018-09-30,Sauptik,Madhya Pradesh,Indore,Sauptik,CUST-248,976,244.0,2018,9,3,2018-09,Accessories
B-25798,448,148,2,Electronics,Printers,COD,2018-10-01,Shishu,Andhra Pradesh,Hyderabad,Shishu,CUST-259,448,224.0,2018,10,4,2018-10,Printers
B-25798,61,-50,4,Clothing,Hankerchief,COD,2018-10-01,Shishu,Andhra Pradesh,Hyderabad,Shishu,CUST-259,61,15.25,2018,10,4,2018-10,Hankerchief
B-25798,47,-3,2,Clothing,Stole,COD,2018-10-01,Shishu,Andhra Pradesh,Hyderabad,Shishu,CUST-259,47,23.5,2018,10,4,2018-10,Stole
B-25798,379,63,2,Clothing,Saree,COD,2018-10-01,Shishu,Andhra Pradesh,Hyderabad,Shishu,CUST-259,379,189.5,2018,10,4,2018-10,Saree
B-25798,38,-13,3,Clothing,Stole,Credit Card,2018-10-01,Shishu,Andhra Pradesh,Hyderabad,Shishu,CUST-259,38,12.67,2018,10,4,2018-10,Stole
B-25798,2830,-1981,13,Furniture,Bookcases,EMI,2018-10-01,Shishu,Andhra Pradesh,Hyderabad,Shishu,CUST-259,2830,217.69,2018,10,4,2018-10,Bookcases
B-25799,45,-15,2,Furniture,Chairs,COD,2018-10-01,Divyansh,Gujarat,Ahmedabad,Divyansh,CUST-088,45,22.5,2018,10,4,2018-10,Chairs
B-25799,205,-119,3,Clothing,Saree,Debit Card,2018-10-01,Divyansh,Gujarat,Ahmedabad,Divyansh,CUST-088,205,68.33,2018,10,4,2018-10,Saree
B-25799,70,-64,5,Clothing,Stole,UPI,2018-10-01,Divyansh,Gujarat,Ahmedabad,Divyansh,CUST-088,70,14.0,2018,10,4,2018-10,Stole
B-25799,47,-27,4,Clothing,Saree,EMI,2018-10-01,Divyansh,Gujarat,Ahmedabad,Divyansh,CUST-088,47,11.75,2018,10,4,2018-10,Saree
B-25800,45,12,7,Clothing,Hankerchief,UPI,2018-10-01,Ishit,Maharashtra,Pune,Ishit,CUST-113,45,6.43,2018,10,4,2018-10,Hankerchief
B-25800,122,-66,9,Electronics,Accessories,COD,2018-10-01,Ishit,Maharashtra,Pune,Ishit,CUST-113,122,13.56,2018,10,4,2018-10,Accessories
B-25800,21,-6,3,Clothing,Leggings,COD,2018-10-01,Ishit,Maharashtra,Pune,Ishit,CUST-113,21,7.0,2018,10,4,2018-10,Leggings
B-25801,15,-2,1,Clothing,T-shirt,Debit Card,2018-10-01,Aryan,Madhya Pradesh,Bhopal,Aryan,CUST-051,15,15.0,2018,10,4,2018-10,T-shirt
B-25801,21,-10,4,Clothing,Leggings,COD,2018-10-01,Aryan,Madhya Pradesh,Bhopal,Aryan,CUST-051,21,5.25,2018,10,4,2018-10,Leggings
B-25801,64,6,4,Clothing,Saree,COD,2018-10-01,Aryan,Madhya Pradesh,Bhopal,Aryan,CUST-051,64,16.0,2018,10,4,2018-10,Saree
B-25801,49,-31,2,Clothing,Stole,COD,2018-10-01,Aryan,Madhya Pradesh,Bhopal,Aryan,CUST-051,49,24.5,2018,10,4,2018-10,Stole
B-25802,25,-7,5,Clothing,Saree,UPI,2018-10-05,Yash,Maharashtra,Mumbai,Yash,CUST-334,25,5.0,2018,10,4,2018-10,Saree
B-25802,95,5,2,Clothing,Stole,COD,2018-10-05,Yash,Maharashtra,Mumbai,Yash,CUST-334,95,47.5,2018,10,4,2018-10,Stole
B-25802,633,-633,11,Electronics,Accessories,UPI,2018-10-05,Yash,Maharashtra,Mumbai,Yash,CUST-334,633,57.55,2018,10,4,2018-10,Accessories
B-25802,23,-3,1,Clothing,Shirt,COD,2018-10-05,Yash,Maharashtra,Mumbai,Yash,CUST-334,23,23.0,2018,10,4,2018-10,Shirt
B-25802,13,-9,2,Clothing,Skirt,COD,2018-10-05,Yash,Maharashtra,Mumbai,Yash,CUST-334,13,6.5,2018,10,4,2018-10,Skirt
B-25803,765,8,6,Clothing,Saree,EMI,2018-10-05,Shivanshu,Madhya Pradesh,Indore,Shivanshu,CUST-264,765,127.5,2018,10,4,2018-10,Saree
B-25803,757,371,2,Electronics,Printers,Credit Card,2018-10-05,Shivanshu,Madhya Pradesh,Indore,Shivanshu,CUST-264,757,378.5,2018,10,4,2018-10,Printers
B-25803,536,91,1,Clothing,Trousers,COD,2018-10-05,Shivanshu,Madhya Pradesh,Indore,Shivanshu,CUST-264,536,536.0,2018,10,4,2018-10,Trousers
B-25803,269,91,1,Electronics,Electronic Games,COD,2018-10-05,Shivanshu,Madhya Pradesh,Indore,Shivanshu,CUST-264,269,269.0,2018,10,4,2018-10,Electronic Games
B-25803,137,5,5,Clothing,Shirt,COD,2018-10-05,Shivanshu,Madhya Pradesh,Indore,Shivanshu,CUST-264,137,27.4,2018,10,4,2018-10,Shirt
B-25803,185,48,4,Clothing,Stole,Credit Card,2018-10-05,Shivanshu,Madhya Pradesh,Indore,Shivanshu,CUST-264,185,46.25,2018,10,4,2018-10,Stole
B-25803,106,12,3,Clothing,Trousers,Credit Card,2018-10-05,Shivanshu,Madhya Pradesh,Indore,Shivanshu,CUST-264,106,35.33,2018,10,4,2018-10,Trousers
B-25803,511,194,3,Furniture,Chairs,UPI,2018-10-05,Shivanshu,Madhya Pradesh,Indore,Shivanshu,CUST-264,511,170.33,2018,10,4,2018-10,Chairs
B-25804,156,36,5,Clothing,T-shirt,EMI,2018-10-05,Sudheer,Karnataka,Bangalore,Sudheer,CUST-291,156,31.2,2018,10,4,2018-10,T-shirt
B-25804,321,26,3,Electronics,Printers,Debit Card,2018-10-05,Sudheer,Karnataka,Bangalore,Sudheer,CUST-291,321,107.0,2018,10,4,2018-10,Printers
B-25805,112,15,2,Furniture,Chairs,COD,2018-10-05,Ankit,Maharashtra,Mumbai,Ankit,CUST-034,112,56.0,2018,10,4,2018-10,Chairs
B-25806,632,-114,4,Furniture,Tables,UPI,2018-10-06,Dhanraj,Madhya Pradesh,Indore,Dhanraj,CUST-082,632,158.0,2018,10,4,2018-10,Tables
B-25807,16,6,1,Clothing,Stole,COD,2018-10-07,Vipul,Uttar Pradesh,Lucknow,Vipul,CUST-328,16,16.0,2018,10,4,2018-10,Stole
B-25808,63,-17,6,Clothing,Leggings,COD,2018-10-08,Apsingekar,Bihar,Patna,Apsingekar,CUST-044,63,10.5,2018,10,4,2018-10,Leggings
B-25808,210,-50,4,Clothing,Hankerchief,Credit Card,2018-10-08,Apsingekar,Bihar,Patna,Apsingekar,CUST-044,210,52.5,2018,10,4,2018-10,Hankerchief
B-25808,146,-63,3,Electronics,Electronic Games,Debit Card,2018-10-08,Apsingekar,Bihar,Patna,Apsingekar,CUST-044,146,48.67,2018,10,4,2018-10,Electronic Games
B-25808,59,21,2,Clothing,Stole,UPI,2018-10-08,Apsingekar,Bihar,Patna,Apsingekar,CUST-044,59,29.5,2018,10,4,2018-10,Stole
B-25809,53,24,1,Clothing,Hankerchief,Debit Card,2018-10-09,Suman,Kerala,Thiruvananthapuram,Suman,CUST-298,53,53.0,2018,10,4,2018-10,Hankerchief
B-25809,154,54,3,Clothing,Hankerchief,COD,2018-10-09,Suman,Kerala,Thiruvananthapuram,Suman,CUST-298,154,51.33,2018,10,4,2018-10,Hankerchief
B-25810,1120,199,6,Clothing,Saree,EMI,2018-10-10,Nripraj,Punjab,Chandigarh,Nripraj,CUST-187,1120,186.67,2018,10,4,2018-10,Saree
B-25810,29,8,5,Clothing,Hankerchief,UPI,2018-10-10,Nripraj,Punjab,Chandigarh,Nripraj,CUST-187,29,5.8,2018,10,4,2018-10,Hankerchief
B-25810,307,74,3,Electronics,Accessories,EMI,2018-10-10,Nripraj,Punjab,Chandigarh,Nripraj,CUST-187,307,102.33,2018,10,4,2018-10,Accessories
B-25810,92,42,2,Clothing,Stole,COD,2018-10-10,Nripraj,Punjab,Chandigarh,Nripraj,CUST-187,92,46.0,2018,10,4,2018-10,Stole
B-25810,45,6,3,Clothing,Shirt,COD,2018-10-10,Nripraj,Punjab,Chandigarh,Nripraj,CUST-187,45,15.0,2018,10,4,2018-10,Shirt
B-25810,26,10,4,Clothing,Hankerchief,UPI,2018-10-10,Nripraj,Punjab,Chandigarh,Nripraj,CUST-187,26,6.5,2018,10,4,2018-10,Hankerchief
B-25811,126,52,4,Clothing,Hankerchief,UPI,2018-10-10,Utsav,Maharashtra,Mumbai,Utsav,CUST-319,126,31.5,2018,10,4,2018-10,Hankerchief
B-25812,259,47,5,Clothing,Hankerchief,UPI,2018-10-10,Kshitij,Madhya Pradesh,Indore,Kshitij,CUST-138,259,51.8,2018,10,4,2018-10,Hankerchief
B-25813,911,202,7,Furniture,Chairs,COD,2018-10-10,Hrisheekesh,Maharashtra,Mumbai,Hrisheekesh,CUST-111,911,130.14,2018,10,4,2018-10,Chairs
B-25814,118,35,7,Clothing,T-shirt,EMI,2018-10-10,Swapnil,Madhya Pradesh,Indore,Swapnil,CUST-303,118,16.86,2018,10,4,2018-10,T-shirt
B-25814,462,169,4,Clothing,Saree,COD,2018-10-10,Swapnil,Madhya Pradesh,Indore,Swapnil,CUST-303,462,115.5,2018,10,4,2018-10,Saree
B-25815,35,14,2,Clothing,Stole,Credit Card,2018-10-10,Harsh,Nagaland,Kohima,Harsh,CUST-104,35,17.5,2018,10,4,2018-10,Stole
B-25816,391,113,8,Clothing,Stole,COD,2018-10-12,Mane,Andhra Pradesh,Hyderabad,Mane,CUST-147,391,48.88,2018,10,4,2018-10,Stole
B-25817,743,89,5,Electronics,Printers,UPI,2018-10-13,Praneet,Maharashtra,Mumbai,Praneet,CUST-210,743,148.6,2018,10,4,2018-10,Printers
B-25818,32,11,2,Clothing,Leggings,UPI,2018-10-14,Sandeep,Madhya Pradesh,Indore,Sandeep,CUST-238,32,16.0,2018,10,4,2018-10,Leggings
B-25818,36,0,4,Clothing,Kurti,COD,2018-10-14,Sandeep,Madhya Pradesh,Indore,Sandeep,CUST-238,36,9.0,2018,10,4,2018-10,Kurti
B-25818,28,14,4,Clothing,Hankerchief,COD,2018-10-14,Sandeep,Madhya Pradesh,Indore,Sandeep,CUST-238,28,7.0,2018,10,4,2018-10,Hankerchief
B-25818,75,28,9,Clothing,Hankerchief,UPI,2018-10-14,Sandeep,Madhya Pradesh,Indore,Sandeep,CUST-238,75,8.33,2018,10,4,2018-10,Hankerchief
B-25818,94,20,2,Furniture,Furnishings,UPI,2018-10-14,Sandeep,Madhya Pradesh,Indore,Sandeep,CUST-238,94,47.0,2018,10,4,2018-10,Furnishings
B-25819,417,49,3,Electronics,Electronic Games,COD,2018-10-15,Ankur,Madhya Pradesh,Bhopal,Ankur,CUST-036,417,139.0,2018,10,4,2018-10,Electronic Games
B-25820,119,1,1,Furniture,Chairs,COD,2018-10-16,Dheeraj,Rajasthan,Jaipur,Dheeraj,CUST-083,119,119.0,2018,10,4,2018-10,Chairs
B-25821,17,0,1,Clothing,Hankerchief,COD,2018-10-16,Ajay,West Bengal,Kolkata,Ajay,CUST-013,17,17.0,2018,10,4,2018-10,Hankerchief
B-25821,125,0,3,Electronics,Accessories,COD,2018-10-16,Ajay,West Bengal,Kolkata,Ajay,CUST-013,125,41.67,2018,10,4,2018-10,Accessories
B-25821,60,21,4,Clothing,Stole,COD,2018-10-16,Ajay,West Bengal,Kolkata,Ajay,CUST-013,60,15.0,2018,10,4,2018-10,Stole
B-25822,34,13,2,Clothing,Saree,COD,2018-10-18,Tejas,Karnataka,Bangalore,Tejas,CUST-312,34,17.0,2018,10,4,2018-10,Saree
B-25823,59,6,1,Electronics,Accessories,UPI,2018-10-18,Rohan,Maharashtra,Mumbai,Rohan,CUST-228,59,59.0,2018,10,4,2018-10,Accessories
B-25823,103,50,2,Furniture,Furnishings,UPI,2018-10-18,Rohan,Maharashtra,Mumbai,Rohan,CUST-228,103,51.5,2018,10,4,2018-10,Furnishings
B-25823,104,2,2,Furniture,Furnishings,COD,2018-10-18,Rohan,Maharashtra,Mumbai,Rohan,CUST-228,104,52.0,2018,10,4,2018-10,Furnishings
B-25823,2103,322,8,Electronics,Electronic Games,UPI,2018-10-18,Rohan,Maharashtra,Mumbai,Rohan,CUST-228,2103,262.88,2018,10,4,2018-10,Electronic Games
B-25824,101,38,2,Furniture,Furnishings,COD,2018-10-20,Shyam,Madhya Pradesh,Indore,Shyam,CUST-274,101,50.5,2018,10,4,2018-10,Furnishings
B-25825,140,6,5,Clothing,Saree,COD,2018-10-21,Kartik,Madhya Pradesh,Indore,Kartik,CUST-128,140,28.0,2018,10,4,2018-10,Saree
B-25825,115,25,6,Clothing,Stole,COD,2018-10-21,Kartik,Madhya Pradesh,Indore,Kartik,CUST-128,115,19.17,2018,10,4,2018-10,Stole
B-25825,911,355,5,Electronics,Phones,Debit Card,2018-10-21,Kartik,Madhya Pradesh,Indore,Kartik,CUST-128,911,182.2,2018,10,4,2018-10,Phones
B-25826,637,261,2,Electronics,Printers,COD,2018-10-22,Tanushree,Maharashtra,Mumbai,Tanushree,CUST-309,637,318.5,2018,10,4,2018-10,Printers
B-25827,156,21,3,Furniture,Chairs,COD,2018-10-23,Sheetal,Madhya Pradesh,Indore,Sheetal,CUST-256,156,52.0,2018,10,4,2018-10,Chairs
B-25828,537,107,3,Clothing,Saree,COD,2018-10-24,Nikita,Punjab,Chandigarh,Nikita,CUST-180,537,179.0,2018,10,4,2018-10,Saree
B-25828,222,35,5,Clothing,Saree,Credit Card,2018-10-24,Nikita,Punjab,Chandigarh,Nikita,CUST-180,222,44.4,2018,10,4,2018-10,Saree
B-25828,128,-3,3,Clothing,Saree,Debit Card,2018-10-24,Nikita,Punjab,Chandigarh,Nikita,CUST-180,128,42.67,2018,10,4,2018-10,Saree
B-25828,15,2,1,Clothing,Leggings,COD,2018-10-24,Nikita,Punjab,Chandigarh,Nikita,CUST-180,15,15.0,2018,10,4,2018-10,Leggings
B-25829,345,38,7,Clothing,Hankerchief,Debit Card,2018-10-25,Apoorva,Haryana,Chandigarh,Apoorva,CUST-043,345,49.29,2018,10,4,2018-10,Hankerchief
B-25830,1954,782,3,Electronics,Phones,Credit Card,2018-10-26,Aastha,Himachal Pradesh,Simla,Aastha,CUST-003,1954,651.33,2018,10,4,2018-10,Phones
B-25830,93,15,2,Electronics,Accessories,COD,2018-10-26,Aastha,Himachal Pradesh,Simla,Aastha,CUST-003,93,46.5,2018,10,4,2018-10,Accessories
B-25830,71,0,8,Clothing,Skirt,COD,2018-10-26,Aastha,Himachal Pradesh,Simla,Aastha,CUST-003,71,8.88,2018,10,4,2018-10,Skirt
B-25830,54,1,2,Clothing,Saree,UPI,2018-10-26,Aastha,Himachal Pradesh,Simla,Aastha,CUST-003,54,27.0,2018,10,4,2018-10,Saree
B-25830,41,11,6,Clothing,Hankerchief,COD,2018-10-26,Aastha,Himachal Pradesh,Simla,Aastha,CUST-003,41,6.83,2018,10,4,2018-10,Hankerchief
B-25830,1063,64,7,Electronics,Phones,EMI,2018-10-26,Aastha,Himachal Pradesh,Simla,Aastha,CUST-003,1063,151.86,2018,10,4,2018-10,Phones
B-25831,693,254,6,Clothing,Saree,COD,2018-10-27,Mahima,Sikkim,Gangtok,Mahima,CUST-145,693,115.5,2018,10,4,2018-10,Saree
B-25832,504,116,3,Furniture,Bookcases,COD,2018-10-28,Harshita,Maharashtra,Mumbai,Harshita,CUST-105,504,168.0,2018,10,4,2018-10,Bookcases
B-25833,64,27,5,Clothing,Hankerchief,UPI,2018-10-29,Krishna,Madhya Pradesh,Indore,Krishna,CUST-135,64,12.8,2018,10,4,2018-10,Hankerchief
B-25833,45,16,3,Clothing,Stole,COD,2018-10-29,Krishna,Madhya Pradesh,Indore,Krishna,CUST-135,45,15.0,2018,10,4,2018-10,Stole
B-25833,36,4,9,Clothing,Hankerchief,COD,2018-10-29,Krishna,Madhya Pradesh,Indore,Krishna,CUST-135,36,4.0,2018,10,4,2018-10,Hankerchief
B-25834,16,5,1,Clothing,Stole,UPI,2018-10-29,Ananya,Andhra Pradesh,Hyderabad,Ananya,CUST-028,16,16.0,2018,10,4,2018-10,Stole
B-25835,52,11,5,Clothing,Leggings,COD,2018-10-29,Moumita,Gujarat,Ahmedabad,Moumita,CUST-165,52,10.4,2018,10,4,2018-10,Leggings
B-25835,27,2,2,Clothing,Leggings,UPI,2018-10-29,Moumita,Gujarat,Ahmedabad,Moumita,CUST-165,27,13.5,2018,10,4,2018-10,Leggings
B-25835,155,26,3,Clothing,Stole,EMI,2018-10-29,Moumita,Gujarat,Ahmedabad,Moumita,CUST-165,155,51.67,2018,10,4,2018-10,Stole
B-25836,1298,65,9,Electronics,Printers,EMI,2018-10-29,Arti,Maharashtra,Pune,Arti,CUST-049,1298,144.22,2018,10,4,2018-10,Printers
B-25837,263,50,5,Clothing,Stole,COD,2018-10-29,Palak,Maharashtra,Mumbai,Palak,CUST-190,263,52.6,2018,10,4,2018-10,Stole
B-25838,161,40,3,Clothing,Stole,COD,2018-10-29,Sanjana,Madhya Pradesh,Indore,Sanjana,CUST-240,161,53.67,2018,10,4,2018-10,Stole
B-25838,81,19,7,Clothing,Hankerchief,COD,2018-10-29,Sanjana,Madhya Pradesh,Indore,Sanjana,CUST-240,81,11.57,2018,10,4,2018-10,Hankerchief
B-25838,70,26,5,Clothing,Hankerchief,COD,2018-10-29,Sanjana,Madhya Pradesh,Indore,Sanjana,CUST-240,70,14.0,2018,10,4,2018-10,Hankerchief
B-25838,955,305,3,Electronics,Printers,Debit Card,2018-10-29,Sanjana,Madhya Pradesh,Indore,Sanjana,CUST-240,955,318.33,2018,10,4,2018-10,Printers
B-25839,1250,486,7,Clothing,Saree,EMI,2018-10-30,Pranjali,West Bengal,Kolkata,Pranjali,CUST-211,1250,178.57,2018,10,4,2018-10,Saree
B-25840,298,74,2,Furniture,Bookcases,COD,2018-10-31,Sneha,Karnataka,Bangalore,Sneha,CUST-278,298,149.0,2018,10,4,2018-10,Bookcases
B-25840,262,64,6,Clothing,Saree,EMI,2018-10-31,Sneha,Karnataka,Bangalore,Sneha,CUST-278,262,43.67,2018,10,4,2018-10,Saree
B-25840,246,61,2,Furniture,Bookcases,Credit Card,2018-10-31,Sneha,Karnataka,Bangalore,Sneha,CUST-278,246,123.0,2018,10,4,2018-10,Bookcases
B-25841,22,11,2,Clothing,Skirt,Credit Card,2018-11-01,Ashvini,Maharashtra,Mumbai,Ashvini,CUST-054,22,11.0,2018,11,4,2018-11,Skirt
B-25842,1543,370,8,Electronics,Printers,Credit Card,2018-11-02,Sheetal,Maharashtra,Pune,Sheetal,CUST-256,1543,192.88,2018,11,4,2018-11,Printers
B-25843,18,6,3,Clothing,Hankerchief,UPI,2018-11-03,Mrunal,Maharashtra,Mumbai,Mrunal,CUST-168,18,6.0,2018,11,4,2018-11,Hankerchief
B-25843,45,0,2,Clothing,Stole,UPI,2018-11-03,Mrunal,Maharashtra,Mumbai,Mrunal,CUST-168,45,22.5,2018,11,4,2018-11,Stole
B-25843,214,30,3,Electronics,Accessories,COD,2018-11-03,Mrunal,Maharashtra,Mumbai,Mrunal,CUST-168,214,71.33,2018,11,4,2018-11,Accessories
B-25843,50,7,6,Clothing,Skirt,COD,2018-11-03,Mrunal,Maharashtra,Mumbai,Mrunal,CUST-168,50,8.33,2018,11,4,2018-11,Skirt
B-25843,255,74,5,Clothing,Hankerchief,COD,2018-11-03,Mrunal,Maharashtra,Mumbai,Mrunal,CUST-168,255,51.0,2018,11,4,2018-11,Hankerchief
B-25844,86,8,2,Clothing,Saree,Debit Card,2018-11-03,Swati,Madhya Pradesh,Indore,Swati,CUST-304,86,43.0,2018,11,4,2018-11,Saree
B-25845,82,-33,4,Clothing,Kurti,COD,2018-11-03,Snel,Kerala,Thiruvananthapuram,Snel,CUST-280,82,20.5,2018,11,4,2018-11,Kurti
B-25845,757,371,2,Electronics,Printers,Credit Card,2018-11-03,Snel,Kerala,Thiruvananthapuram,Snel,CUST-280,757,378.5,2018,11,4,2018-11,Printers
B-25845,274,-7,4,Electronics,Phones,COD,2018-11-03,Snel,Kerala,Thiruvananthapuram,Snel,CUST-280,274,68.5,2018,11,4,2018-11,Phones
B-25845,132,54,5,Clothing,Stole,COD,2018-11-03,Snel,Kerala,Thiruvananthapuram,Snel,CUST-280,132,26.4,2018,11,4,2018-11,Stole
B-25846,94,7,7,Clothing,Leggings,UPI,2018-11-03,Soodesh,Punjab,Chandigarh,Soodesh,CUST-283,94,13.43,2018,11,4,2018-11,Leggings
B-25847,643,225,2,Electronics,Printers,COD,2018-11-03,Aniket,Haryana,Chandigarh,Aniket,CUST-030,643,321.5,2018,11,4,2018-11,Printers
B-25847,264,71,10,Furniture,Furnishings,Debit Card,2018-11-03,Aniket,Haryana,Chandigarh,Aniket,CUST-030,264,26.4,2018,11,4,2018-11,Furnishings
B-25848,648,50,6,Electronics,Electronic Games,Credit Card,2018-11-03,Rohan,Himachal Pradesh,Simla,Rohan,CUST-228,648,108.0,2018,11,4,2018-11,Electronic Games
B-25848,147,21,3,Furniture,Furnishings,Debit Card,2018-11-03,Rohan,Himachal Pradesh,Simla,Rohan,CUST-228,147,49.0,2018,11,4,2018-11,Furnishings
B-25848,16,8,2,Clothing,Hankerchief,COD,2018-11-03,Rohan,Himachal Pradesh,Simla,Rohan,CUST-228,16,8.0,2018,11,4,2018-11,Hankerchief
B-25849,336,123,3,Electronics,Phones,UPI,2018-11-04,K,Sikkim,Gangtok,K,CUST-123,336,112.0,2018,11,4,2018-11,Phones
B-25850,916,192,11,Electronics,Phones,COD,2018-11-05,Abhishek,Goa,Goa,Abhishek,CUST-008,916,83.27,2018,11,4,2018-11,Phones
B-25850,93,-1,2,Clothing,Hankerchief,COD,2018-11-05,Abhishek,Goa,Goa,Abhishek,CUST-008,93,46.5,2018,11,4,2018-11,Hankerchief
B-25850,24,1,4,Clothing,Hankerchief,COD,2018-11-05,Abhishek,Goa,Goa,Abhishek,CUST-008,24,6.0,2018,11,4,2018-11,Hankerchief
B-25850,485,199,4,Clothing,Saree,EMI,2018-11-05,Abhishek,Goa,Goa,Abhishek,CUST-008,485,121.25,2018,11,4,2018-11,Saree
B-25850,45,1,3,Clothing,T-shirt,Debit Card,2018-11-05,Abhishek,Goa,Goa,Abhishek,CUST-008,45,15.0,2018,11,4,2018-11,T-shirt
B-25850,148,24,3,Clothing,Stole,COD,2018-11-05,Abhishek,Goa,Goa,Abhishek,CUST-008,148,49.33,2018,11,4,2018-11,Stole
B-25850,52,18,5,Clothing,Leggings,Debit Card,2018-11-05,Abhishek,Goa,Goa,Abhishek,CUST-008,52,10.4,2018,11,4,2018-11,Leggings
B-25850,117,36,2,Clothing,Trousers,Debit Card,2018-11-05,Abhishek,Goa,Goa,Abhishek,CUST-008,117,58.5,2018,11,4,2018-11,Trousers
B-25850,513,215,2,Electronics,Accessories,COD,2018-11-05,Abhishek,Goa,Goa,Abhishek,CUST-008,513,256.5,2018,11,4,2018-11,Accessories
B-25851,135,-54,5,Clothing,Kurti,COD,2018-11-06,Kushal,Nagaland,Kohima,Kushal,CUST-139,135,27.0,2018,11,4,2018-11,Kurti
B-25851,336,71,3,Furniture,Bookcases,COD,2018-11-06,Kushal,Nagaland,Kohima,Kushal,CUST-139,336,112.0,2018,11,4,2018-11,Bookcases
B-25851,90,29,5,Clothing,T-shirt,COD,2018-11-06,Kushal,Nagaland,Kohima,Kushal,CUST-139,90,18.0,2018,11,4,2018-11,T-shirt
B-25851,62,1,3,Clothing,Saree,COD,2018-11-06,Kushal,Nagaland,Kohima,Kushal,CUST-139,62,20.67,2018,11,4,2018-11,Saree
B-25851,57,27,2,Clothing,T-shirt,COD,2018-11-06,Kushal,Nagaland,Kohima,Kushal,CUST-139,57,28.5,2018,11,4,2018-11,T-shirt
B-25851,237,47,9,Clothing,T-shirt,UPI,2018-11-06,Kushal,Nagaland,Kohima,Kushal,CUST-139,237,26.33,2018,11,4,2018-11,T-shirt
B-25851,300,42,2,Electronics,Printers,COD,2018-11-06,Kushal,Nagaland,Kohima,Kushal,CUST-139,300,150.0,2018,11,4,2018-11,Printers
B-25851,53,24,6,Clothing,Hankerchief,EMI,2018-11-06,Kushal,Nagaland,Kohima,Kushal,CUST-139,53,8.83,2018,11,4,2018-11,Hankerchief
B-25851,103,46,2,Clothing,Saree,UPI,2018-11-06,Kushal,Nagaland,Kohima,Kushal,CUST-139,103,51.5,2018,11,4,2018-11,Saree
B-25851,10,2,2,Clothing,Hankerchief,COD,2018-11-06,Kushal,Nagaland,Kohima,Kushal,CUST-139,10,5.0,2018,11,4,2018-11,Hankerchief
B-25852,869,67,4,Furniture,Tables,COD,2018-11-07,Soumyabrata,Andhra Pradesh,Hyderabad,Soumyabrata,CUST-285,869,217.25,2018,11,4,2018-11,Tables
B-25852,24,1,2,Clothing,Hankerchief,COD,2018-11-07,Soumyabrata,Andhra Pradesh,Hyderabad,Soumyabrata,CUST-285,24,12.0,2018,11,4,2018-11,Hankerchief
B-25852,105,-33,5,Clothing,Kurti,COD,2018-11-07,Soumyabrata,Andhra Pradesh,Hyderabad,Soumyabrata,CUST-285,105,21.0,2018,11,4,2018-11,Kurti
B-25852,97,17,2,Clothing,Stole,Credit Card,2018-11-07,Soumyabrata,Andhra Pradesh,Hyderabad,Soumyabrata,CUST-285,97,48.5,2018,11,4,2018-11,Stole
B-25852,45,12,4,Clothing,Hankerchief,COD,2018-11-07,Soumyabrata,Andhra Pradesh,Hyderabad,Soumyabrata,CUST-285,45,11.25,2018,11,4,2018-11,Hankerchief
B-25852,320,144,1,Electronics,Printers,Debit Card,2018-11-07,Soumyabrata,Andhra Pradesh,Hyderabad,Soumyabrata,CUST-285,320,320.0,2018,11,4,2018-11,Printers
B-25852,50,16,1,Clothing,Stole,EMI,2018-11-07,Soumyabrata,Andhra Pradesh,Hyderabad,Soumyabrata,CUST-285,50,50.0,2018,11,4,2018-11,Stole
B-25853,2093,721,5,Furniture,Chairs,Credit Card,2018-11-08,Gaurav,Gujarat,Ahmedabad,Gaurav,CUST-096,2093,418.6,2018,11,4,2018-11,Chairs
B-25853,39,16,6,Clothing,Skirt,UPI,2018-11-08,Gaurav,Gujarat,Ahmedabad,Gaurav,CUST-096,39,6.5,2018,11,4,2018-11,Skirt
B-25853,199,48,4,Clothing,Stole,UPI,2018-11-08,Gaurav,Gujarat,Ahmedabad,Gaurav,CUST-096,199,49.75,2018,11,4,2018-11,Stole
B-25853,26,11,2,Clothing,Hankerchief,UPI,2018-11-08,Gaurav,Gujarat,Ahmedabad,Gaurav,CUST-096,26,13.0,2018,11,4,2018-11,Hankerchief
B-25853,30,14,3,Clothing,Hankerchief,UPI,2018-11-08,Gaurav,Gujarat,Ahmedabad,Gaurav,CUST-096,30,10.0,2018,11,4,2018-11,Hankerchief
B-25853,128,4,3,Clothing,Saree,COD,2018-11-08,Gaurav,Gujarat,Ahmedabad,Gaurav,CUST-096,128,42.67,2018,11,4,2018-11,Saree
B-25853,95,11,4,Furniture,Furnishings,COD,2018-11-08,Gaurav,Gujarat,Ahmedabad,Gaurav,CUST-096,95,23.75,2018,11,4,2018-11,Furnishings
B-25853,199,6,2,Clothing,Saree,UPI,2018-11-08,Gaurav,Gujarat,Ahmedabad,Gaurav,CUST-096,199,99.5,2018,11,4,2018-11,Saree
B-25853,579,139,3,Electronics,Printers,Debit Card,2018-11-08,Gaurav,Gujarat,Ahmedabad,Gaurav,CUST-096,579,193.0,2018,11,4,2018-11,Printers
B-25854,381,144,2,Clothing,Saree,COD,2018-11-08,Shubham,Maharashtra,Pune,Shubham,CUST-271,381,190.5,2018,11,4,2018-11,Saree
B-25854,53,-2,3,Clothing,Saree,Debit Card,2018-11-08,Shubham,Maharashtra,Pune,Shubham,CUST-271,53,17.67,2018,11,4,2018-11,Saree
B-25854,149,48,6,Clothing,Stole,COD,2018-11-08,Shubham,Maharashtra,Pune,Shubham,CUST-271,149,24.83,2018,11,4,2018-11,Stole
B-25854,76,19,3,Clothing,Hankerchief,COD,2018-11-08,Shubham,Maharashtra,Pune,Shubham,CUST-271,76,25.33,2018,11,4,2018-11,Hankerchief
B-25854,88,16,4,Clothing,Stole,Credit Card,2018-11-08,Shubham,Maharashtra,Pune,Shubham,CUST-271,88,22.0,2018,11,4,2018-11,Stole
B-25854,342,-154,7,Furniture,Furnishings,Debit Card,2018-11-08,Shubham,Maharashtra,Pune,Shubham,CUST-271,342,48.86,2018,11,4,2018-11,Furnishings
B-25854,40,16,3,Clothing,Hankerchief,COD,2018-11-08,Shubham,Maharashtra,Pune,Shubham,CUST-271,40,13.33,2018,11,4,2018-11,Hankerchief
B-25854,436,131,9,Clothing,Hankerchief,UPI,2018-11-08,Shubham,Maharashtra,Pune,Shubham,CUST-271,436,48.44,2018,11,4,2018-11,Hankerchief
B-25855,829,19,4,Electronics,Printers,Credit Card,2018-11-08,Abhijeet,Madhya Pradesh,Bhopal,Abhijeet,CUST-006,829,207.25,2018,11,4,2018-11,Printers
B-25855,90,17,3,Clothing,Hankerchief,COD,2018-11-08,Abhijeet,Madhya Pradesh,Bhopal,Abhijeet,CUST-006,90,30.0,2018,11,4,2018-11,Hankerchief
B-25855,98,12,2,Clothing,Hankerchief,Credit Card,2018-11-08,Abhijeet,Madhya Pradesh,Bhopal,Abhijeet,CUST-006,98,49.0,2018,11,4,2018-11,Hankerchief
B-25855,197,73,1,Furniture,Bookcases,COD,2018-11-08,Abhijeet,Madhya Pradesh,Bhopal,Abhijeet,CUST-006,197,197.0,2018,11,4,2018-11,Bookcases
B-25855,61,30,2,Clothing,Hankerchief,UPI,2018-11-08,Abhijeet,Madhya Pradesh,Bhopal,Abhijeet,CUST-006,61,30.5,2018,11,4,2018-11,Hankerchief
B-25855,442,31,2,Electronics,Electronic Games,UPI,2018-11-08,Abhijeet,Madhya Pradesh,Bhopal,Abhijeet,CUST-006,442,221.0,2018,11,4,2018-11,Electronic Games
B-25855,550,-242,5,Furniture,Furnishings,UPI,2018-11-08,Abhijeet,Madhya Pradesh,Bhopal,Abhijeet,CUST-006,550,110.0,2018,11,4,2018-11,Furnishings
B-25855,1319,567,5,Electronics,Printers,COD,2018-11-08,Abhijeet,Madhya Pradesh,Bhopal,Abhijeet,CUST-006,1319,263.8,2018,11,4,2018-11,Printers
B-25855,1027,441,8,Clothing,Saree,COD,2018-11-08,Abhijeet,Madhya Pradesh,Bhopal,Abhijeet,CUST-006,1027,128.38,2018,11,4,2018-11,Saree
B-25856,257,3,2,Clothing,Saree,COD,2018-11-10,Abhijeet,Maharashtra,Mumbai,Abhijeet,CUST-006,257,128.5,2018,11,4,2018-11,Saree
B-25856,10,2,2,Clothing,Skirt,COD,2018-11-10,Abhijeet,Maharashtra,Mumbai,Abhijeet,CUST-006,10,5.0,2018,11,4,2018-11,Skirt
B-25856,48,6,1,Clothing,Saree,COD,2018-11-10,Abhijeet,Maharashtra,Mumbai,Abhijeet,CUST-006,48,48.0,2018,11,4,2018-11,Saree
B-25856,74,29,3,Clothing,Stole,EMI,2018-11-10,Abhijeet,Maharashtra,Mumbai,Abhijeet,CUST-006,74,24.67,2018,11,4,2018-11,Stole
B-25856,689,90,5,Clothing,Saree,COD,2018-11-10,Abhijeet,Maharashtra,Mumbai,Abhijeet,CUST-006,689,137.8,2018,11,4,2018-11,Saree
B-25857,324,39,8,Electronics,Accessories,Credit Card,2018-11-10,Anand,Madhya Pradesh,Indore,Anand,CUST-027,324,40.5,2018,11,4,2018-11,Accessories
B-25857,227,59,2,Furniture,Furnishings,UPI,2018-11-10,Anand,Madhya Pradesh,Indore,Anand,CUST-027,227,113.5,2018,11,4,2018-11,Furnishings
B-25857,598,166,4,Furniture,Bookcases,UPI,2018-11-10,Anand,Madhya Pradesh,Indore,Anand,CUST-027,598,149.5,2018,11,4,2018-11,Bookcases
B-25858,29,11,4,Clothing,Skirt,COD,2018-11-13,Uudhav,Maharashtra,Mumbai,Uudhav,CUST-320,29,7.25,2018,11,4,2018-11,Skirt
B-25858,245,30,2,Clothing,Saree,COD,2018-11-13,Uudhav,Maharashtra,Mumbai,Uudhav,CUST-320,245,122.5,2018,11,4,2018-11,Saree
B-25858,223,27,2,Furniture,Bookcases,COD,2018-11-13,Uudhav,Maharashtra,Mumbai,Uudhav,CUST-320,223,111.5,2018,11,4,2018-11,Bookcases
B-25858,219,0,1,Clothing,Saree,COD,2018-11-13,Uudhav,Maharashtra,Mumbai,Uudhav,CUST-320,219,219.0,2018,11,4,2018-11,Saree
B-25858,294,109,7,Electronics,Accessories,EMI,2018-11-13,Uudhav,Maharashtra,Mumbai,Uudhav,CUST-320,294,42.0,2018,11,4,2018-11,Accessories
B-25858,82,13,2,Clothing,Shirt,COD,2018-11-13,Uudhav,Maharashtra,Mumbai,Uudhav,CUST-320,82,41.0,2018,11,4,2018-11,Shirt
B-25858,27,5,2,Clothing,Skirt,COD,2018-11-13,Uudhav,Maharashtra,Mumbai,Uudhav,CUST-320,27,13.5,2018,11,4,2018-11,Skirt
B-25858,22,8,3,Clothing,Hankerchief,COD,2018-11-13,Uudhav,Maharashtra,Mumbai,Uudhav,CUST-320,22,7.33,2018,11,4,2018-11,Hankerchief
B-25858,2457,665,11,Electronics,Electronic Games,EMI,2018-11-13,Uudhav,Maharashtra,Mumbai,Uudhav,CUST-320,2457,223.36,2018,11,4,2018-11,Electronic Games
B-25859,724,253,2,Furniture,Bookcases,UPI,2018-11-14,Chikku,Madhya Pradesh,Indore,Chikku,CUST-076,724,362.0,2018,11,4,2018-11,Bookcases
B-25860,112,24,3,Clothing,Kurti,COD,2018-11-15,Akshay,Tamil Nadu,Chennai,Akshay,CUST-019,112,37.33,2018,11,4,2018-11,Kurti
B-25861,44,14,3,Clothing,Hankerchief,Debit Card,2018-11-15,Aayush,Uttar Pradesh,Lucknow,Aayush,CUST-004,44,14.67,2018,11,4,2018-11,Hankerchief
B-25861,216,-83,3,Electronics,Electronic Games,COD,2018-11-15,Aayush,Uttar Pradesh,Lucknow,Aayush,CUST-004,216,72.0,2018,11,4,2018-11,Electronic Games
B-25861,56,18,2,Clothing,Hankerchief,UPI,2018-11-15,Aayush,Uttar Pradesh,Lucknow,Aayush,CUST-004,56,28.0,2018,11,4,2018-11,Hankerchief
B-25861,62,6,5,Clothing,Hankerchief,COD,2018-11-15,Aayush,Uttar Pradesh,Lucknow,Aayush,CUST-004,62,12.4,2018,11,4,2018-11,Hankerchief
B-25861,128,4,3,Clothing,Saree,COD,2018-11-15,Aayush,Uttar Pradesh,Lucknow,Aayush,CUST-004,128,42.67,2018,11,4,2018-11,Saree
B-25861,50,3,2,Clothing,Stole,EMI,2018-11-15,Aayush,Uttar Pradesh,Lucknow,Aayush,CUST-004,50,25.0,2018,11,4,2018-11,Stole
B-25862,121,41,4,Clothing,Stole,EMI,2018-11-15,Amol,Bihar,Patna,Amol,CUST-025,121,30.25,2018,11,4,2018-11,Stole
B-25862,80,3,3,Clothing,Stole,EMI,2018-11-15,Amol,Bihar,Patna,Amol,CUST-025,80,26.67,2018,11,4,2018-11,Stole
B-25862,2061,701,5,Furniture,Bookcases,UPI,2018-11-15,Amol,Bihar,Patna,Amol,CUST-025,2061,412.2,2018,11,4,2018-11,Bookcases
B-25863,189,87,7,Clothing,Stole,COD,2018-11-15,Manibalan,Kerala,Thiruvananthapuram,Manibalan,CUST-148,189,27.0,2018,11,4,2018-11,Stole
B-25864,100,6,4,Clothing,Stole,COD,2018-11-15,Aromal,Maharashtra,Mumbai,Aromal,CUST-046,100,25.0,2018,11,4,2018-11,Stole
B-25864,27,9,2,Clothing,Hankerchief,COD,2018-11-15,Aromal,Maharashtra,Mumbai,Aromal,CUST-046,27,13.5,2018,11,4,2018-11,Hankerchief
B-25864,22,8,2,Clothing,Leggings,COD,2018-11-15,Aromal,Maharashtra,Mumbai,Aromal,CUST-046,22,11.0,2018,11,4,2018-11,Leggings
B-25864,17,5,1,Clothing,Hankerchief,UPI,2018-11-15,Aromal,Maharashtra,Mumbai,Aromal,CUST-046,17,17.0,2018,11,4,2018-11,Hankerchief
B-25865,85,-1,3,Clothing,Saree,Credit Card,2018-11-15,Arun,Madhya Pradesh,Indore,Arun,CUST-050,85,28.33,2018,11,4,2018-11,Saree
B-25866,51,14,2,Clothing,Stole,COD,2018-11-16,Komal,Himachal Pradesh,Simla,Komal,CUST-134,51,25.5,2018,11,4,2018-11,Stole
B-25867,240,12,6,Clothing,Kurti,UPI,2018-11-17,Ankit,Sikkim,Gangtok,Ankit,CUST-034,240,40.0,2018,11,4,2018-11,Kurti
B-25867,31,14,3,Clothing,Stole,UPI,2018-11-17,Ankit,Sikkim,Gangtok,Ankit,CUST-034,31,10.33,2018,11,4,2018-11,Stole
B-25867,163,26,4,Clothing,Shirt,COD,2018-11-17,Ankit,Sikkim,Gangtok,Ankit,CUST-034,163,40.75,2018,11,4,2018-11,Shirt
B-25868,1118,206,2,Furniture,Tables,Credit Card,2018-11-18,Vikash,Goa,Goa,Vikash,CUST-325,1118,559.0,2018,11,4,2018-11,Tables
B-25868,170,73,2,Electronics,Accessories,UPI,2018-11-18,Vikash,Goa,Goa,Vikash,CUST-325,170,85.0,2018,11,4,2018-11,Accessories
B-25868,62,-1,1,Electronics,Phones,UPI,2018-11-18,Vikash,Goa,Goa,Vikash,CUST-325,62,62.0,2018,11,4,2018-11,Phones
B-25869,86,9,3,Clothing,Saree,COD,2018-11-19,Parakh,Nagaland,Kohima,Parakh,CUST-191,86,28.67,2018,11,4,2018-11,Saree
B-25870,845,84,7,Clothing,Saree,Credit Card,2018-11-20,Pranav,Andhra Pradesh,Hyderabad,Pranav,CUST-209,845,120.71,2018,11,4,2018-11,Saree
B-25870,10,4,1,Clothing,Kurti,UPI,2018-11-20,Pranav,Andhra Pradesh,Hyderabad,Pranav,CUST-209,10,10.0,2018,11,4,2018-11,Kurti
B-25870,57,7,3,Furniture,Furnishings,COD,2018-11-20,Pranav,Andhra Pradesh,Hyderabad,Pranav,CUST-209,57,19.0,2018,11,4,2018-11,Furnishings
B-25870,473,-113,9,Clothing,Hankerchief,UPI,2018-11-20,Pranav,Andhra Pradesh,Hyderabad,Pranav,CUST-209,473,52.56,2018,11,4,2018-11,Hankerchief
B-25871,118,25,4,Clothing,Hankerchief,Credit Card,2018-11-21,Gunjal,Gujarat,Surat,Gunjal,CUST-101,118,29.5,2018,11,4,2018-11,Hankerchief
B-25872,57,27,2,Clothing,Shirt,COD,2018-11-22,Saurabh,Maharashtra,Mumbai,Saurabh,CUST-249,57,28.5,2018,11,4,2018-11,Shirt
B-25873,42,12,2,Clothing,Kurti,COD,2018-11-23,Divyeta,Madhya Pradesh,Indore,Divyeta,CUST-091,42,21.0,2018,11,4,2018-11,Kurti
B-25873,1275,357,2,Electronics,Phones,UPI,2018-11-23,Divyeta,Madhya Pradesh,Indore,Divyeta,CUST-091,1275,637.5,2018,11,4,2018-11,Phones
B-25873,66,12,3,Clothing,Stole,COD,2018-11-23,Divyeta,Madhya Pradesh,Indore,Divyeta,CUST-091,66,22.0,2018,11,4,2018-11,Stole
B-25873,367,73,3,Electronics,Electronic Games,UPI,2018-11-23,Divyeta,Madhya Pradesh,Indore,Divyeta,CUST-091,367,122.33,2018,11,4,2018-11,Electronic Games
B-25873,7,1,1,Clothing,Hankerchief,COD,2018-11-23,Divyeta,Madhya Pradesh,Indore,Divyeta,CUST-091,7,7.0,2018,11,4,2018-11,Hankerchief
B-25874,124,54,5,Clothing,T-shirt,COD,2018-11-24,Megha,Rajasthan,Udaipur,Megha,CUST-157,124,24.8,2018,11,4,2018-11,T-shirt
B-25875,248,8,2,Clothing,Saree,Credit Card,2018-11-24,Divyeshkumar,Uttar Pradesh,Prayagraj,Divyeshkumar,CUST-090,248,124.0,2018,11,4,2018-11,Saree
B-25876,282,14,4,Clothing,Trousers,Debit Card,2018-11-24,Bhosale,Punjab,Amritsar,Bhosale,CUST-069,282,70.5,2018,11,4,2018-11,Trousers
B-25877,24,8,2,Clothing,Skirt,Debit Card,2018-11-24,Dashyam,Gujarat,Surat,Dashyam,CUST-079,24,12.0,2018,11,4,2018-11,Skirt
B-25877,269,33,5,Furniture,Chairs,Debit Card,2018-11-24,Dashyam,Gujarat,Surat,Dashyam,CUST-079,269,53.8,2018,11,4,2018-11,Chairs
B-25877,1137,568,2,Clothing,Trousers,EMI,2018-11-24,Dashyam,Gujarat,Surat,Dashyam,CUST-079,1137,568.5,2018,11,4,2018-11,Trousers
B-25878,741,267,5,Furniture,Bookcases,COD,2018-11-24,Mrinal,Maharashtra,Mumbai,Mrinal,CUST-167,741,148.2,2018,11,4,2018-11,Bookcases
B-25878,719,303,6,Furniture,Chairs,COD,2018-11-24,Mrinal,Maharashtra,Mumbai,Mrinal,CUST-167,719,119.83,2018,11,4,2018-11,Chairs
B-25878,165,46,3,Furniture,Furnishings,COD,2018-11-24,Mrinal,Maharashtra,Mumbai,Mrinal,CUST-167,165,55.0,2018,11,4,2018-11,Furnishings
B-25878,46,0,4,Clothing,Leggings,COD,2018-11-24,Mrinal,Maharashtra,Mumbai,Mrinal,CUST-167,46,11.5,2018,11,4,2018-11,Leggings
B-25878,140,15,5,Clothing,Stole,UPI,2018-11-24,Mrinal,Maharashtra,Mumbai,Mrinal,CUST-167,140,28.0,2018,11,4,2018-11,Stole
B-25878,84,41,3,Clothing,T-shirt,Credit Card,2018-11-24,Mrinal,Maharashtra,Mumbai,Mrinal,CUST-167,84,28.0,2018,11,4,2018-11,T-shirt
B-25879,57,-28,2,Clothing,Kurti,COD,2018-11-24,Siddharth,Madhya Pradesh,Indore,Siddharth,CUST-275,57,28.5,2018,11,4,2018-11,Kurti
B-25880,108,37,2,Clothing,Stole,Credit Card,2018-11-24,Apoorv,Rajasthan,Udaipur,Apoorv,CUST-042,108,54.0,2018,11,4,2018-11,Stole
B-25881,2244,247,4,Clothing,Trousers,Credit Card,2018-11-25,Lalita,Uttar Pradesh,Mathura,Lalita,CUST-140,2244,561.0,2018,11,4,2018-11,Trousers
B-25881,37,3,3,Clothing,Hankerchief,COD,2018-11-25,Lalita,Uttar Pradesh,Mathura,Lalita,CUST-140,37,12.33,2018,11,4,2018-11,Hankerchief
B-25881,36,7,3,Clothing,Leggings,Debit Card,2018-11-25,Lalita,Uttar Pradesh,Mathura,Lalita,CUST-140,36,12.0,2018,11,4,2018-11,Leggings
B-25881,26,9,2,Clothing,Leggings,COD,2018-11-25,Lalita,Uttar Pradesh,Mathura,Lalita,CUST-140,26,13.0,2018,11,4,2018-11,Leggings
B-25881,1351,111,6,Electronics,Electronic Games,COD,2018-11-25,Lalita,Uttar Pradesh,Mathura,Lalita,CUST-140,1351,225.17,2018,11,4,2018-11,Electronic Games
B-25881,2115,23,5,Furniture,Chairs,COD,2018-11-25,Lalita,Uttar Pradesh,Mathura,Lalita,CUST-140,2115,423.0,2018,11,4,2018-11,Chairs
B-25882,121,19,4,Clothing,Stole,COD,2018-11-26,Masurkar,Punjab,Amritsar,Masurkar,CUST-155,121,30.25,2018,11,4,2018-11,Stole
B-25883,16,-15,4,Clothing,Hankerchief,UPI,2018-11-27,Saptadeep,Gujarat,Surat,Saptadeep,CUST-245,16,4.0,2018,11,4,2018-11,Hankerchief
B-25883,127,29,3,Furniture,Furnishings,COD,2018-11-27,Saptadeep,Gujarat,Surat,Saptadeep,CUST-245,127,42.33,2018,11,4,2018-11,Furnishings
B-25883,105,-26,8,Clothing,Leggings,Credit Card,2018-11-27,Saptadeep,Gujarat,Surat,Saptadeep,CUST-245,105,13.12,2018,11,4,2018-11,Leggings
B-25883,146,42,5,Clothing,Hankerchief,UPI,2018-11-27,Saptadeep,Gujarat,Surat,Saptadeep,CUST-245,146,29.2,2018,11,4,2018-11,Hankerchief
B-25883,10,-2,2,Clothing,Leggings,COD,2018-11-27,Saptadeep,Gujarat,Surat,Saptadeep,CUST-245,10,5.0,2018,11,4,2018-11,Leggings
B-25884,24,2,4,Clothing,Hankerchief,COD,2018-11-28,Sumeet,Maharashtra,Mumbai,Sumeet,CUST-299,24,6.0,2018,11,4,2018-11,Hankerchief
B-25885,734,248,2,Furniture,Chairs,COD,2018-11-28,Shatayu,Madhya Pradesh,Indore,Shatayu,CUST-255,734,367.0,2018,11,4,2018-11,Chairs
B-25885,349,0,7,Clothing,Stole,Credit Card,2018-11-28,Shatayu,Madhya Pradesh,Indore,Shatayu,CUST-255,349,49.86,2018,11,4,2018-11,Stole
B-25885,94,27,2,Clothing,Shirt,Credit Card,2018-11-28,Shatayu,Madhya Pradesh,Indore,Shatayu,CUST-255,94,47.0,2018,11,4,2018-11,Shirt
B-25885,394,146,2,Furniture,Bookcases,UPI,2018-11-28,Shatayu,Madhya Pradesh,Indore,Shatayu,CUST-255,394,197.0,2018,11,4,2018-11,Bookcases
B-25886,502,84,4,Electronics,Phones,COD,2018-11-28,Brijesh,Rajasthan,Udaipur,Brijesh,CUST-071,502,125.5,2018,11,4,2018-11,Phones
B-25886,89,17,2,Clothing,Stole,UPI,2018-11-28,Brijesh,Rajasthan,Udaipur,Brijesh,CUST-071,89,44.5,2018,11,4,2018-11,Stole
B-25886,107,37,3,Clothing,Shirt,COD,2018-11-28,Brijesh,Rajasthan,Udaipur,Brijesh,CUST-071,107,35.67,2018,11,4,2018-11,Shirt
B-25886,63,1,4,Clothing,T-shirt,COD,2018-11-28,Brijesh,Rajasthan,Udaipur,Brijesh,CUST-071,63,15.75,2018,11,4,2018-11,T-shirt
B-25887,2125,-234,6,Electronics,Printers,EMI,2018-12-01,Vishakha,Uttar Pradesh,Prayagraj,Vishakha,CUST-329,2125,354.17,2018,12,4,2018-12,Printers
B-25887,83,6,6,Clothing,Shirt,EMI,2018-12-01,Vishakha,Uttar Pradesh,Prayagraj,Vishakha,CUST-329,83,13.83,2018,12,4,2018-12,Shirt
B-25888,646,-213,3,Electronics,Electronic Games,COD,2018-12-02,Rohan,Punjab,Amritsar,Rohan,CUST-228,646,215.33,2018,12,4,2018-12,Electronic Games
B-25888,223,4,3,Electronics,Phones,COD,2018-12-02,Rohan,Punjab,Amritsar,Rohan,CUST-228,223,74.33,2018,12,4,2018-12,Phones
B-25888,18,2,3,Clothing,Hankerchief,Credit Card,2018-12-02,Rohan,Punjab,Amritsar,Rohan,CUST-228,18,6.0,2018,12,4,2018-12,Hankerchief
B-25889,114,11,4,Clothing,T-shirt,Debit Card,2018-12-03,Abhishek,Gujarat,Surat,Abhishek,CUST-008,114,28.5,2018,12,4,2018-12,T-shirt
B-25889,119,-43,7,Clothing,Kurti,Credit Card,2018-12-03,Abhishek,Gujarat,Surat,Abhishek,CUST-008,119,17.0,2018,12,4,2018-12,Kurti
B-25889,31,10,1,Clothing,Kurti,COD,2018-12-03,Abhishek,Gujarat,Surat,Abhishek,CUST-008,31,31.0,2018,12,4,2018-12,Kurti
B-25890,465,207,9,Clothing,Saree,COD,2018-12-04,Divyansha,Maharashtra,Mumbai,Divyansha,CUST-089,465,51.67,2018,12,4,2018-12,Saree
B-25891,121,41,4,Clothing,Stole,UPI,2018-12-04,Shivani,Madhya Pradesh,Indore,Shivani,CUST-263,121,30.25,2018,12,4,2018-12,Stole
B-25891,97,36,7,Clothing,Hankerchief,UPI,2018-12-04,Shivani,Madhya Pradesh,Indore,Shivani,CUST-263,97,13.86,2018,12,4,2018-12,Hankerchief
B-25891,25,2,2,Clothing,Hankerchief,UPI,2018-12-04,Shivani,Madhya Pradesh,Indore,Shivani,CUST-263,25,12.5,2018,12,4,2018-12,Hankerchief
B-25892,139,30,3,Clothing,Shirt,UPI,2018-12-04,Aditi,Rajasthan,Udaipur,Aditi,CUST-010,139,46.33,2018,12,4,2018-12,Shirt
B-25893,61,11,3,Clothing,Kurti,COD,2018-12-04,Vrinda,Uttar Pradesh,Mathura,Vrinda,CUST-331,61,20.33,2018,12,4,2018-12,Kurti
B-25893,355,-114,7,Clothing,Stole,Credit Card,2018-12-04,Vrinda,Uttar Pradesh,Mathura,Vrinda,CUST-331,355,50.71,2018,12,4,2018-12,Stole
B-25893,83,12,3,Clothing,Stole,UPI,2018-12-04,Vrinda,Uttar Pradesh,Mathura,Vrinda,CUST-331,83,27.67,2018,12,4,2018-12,Stole
B-25893,149,15,3,Clothing,Saree,EMI,2018-12-04,Vrinda,Uttar Pradesh,Mathura,Vrinda,CUST-331,149,49.67,2018,12,4,2018-12,Saree
B-25893,372,59,3,Electronics,Printers,UPI,2018-12-04,Vrinda,Uttar Pradesh,Mathura,Vrinda,CUST-331,372,124.0,2018,12,4,2018-12,Printers
B-25893,223,62,7,Clothing,Shirt,COD,2018-12-04,Vrinda,Uttar Pradesh,Mathura,Vrinda,CUST-331,223,31.86,2018,12,4,2018-12,Shirt
B-25893,688,-103,6,Electronics,Accessories,Debit Card,2018-12-04,Vrinda,Uttar Pradesh,Mathura,Vrinda,CUST-331,688,114.67,2018,12,4,2018-12,Accessories
B-25894,1246,62,3,Furniture,Bookcases,EMI,2018-12-04,Monu,Punjab,Amritsar,Monu,CUST-164,1246,415.33,2018,12,4,2018-12,Bookcases
B-25895,388,93,2,Furniture,Bookcases,COD,2018-12-04,Sathya,Gujarat,Surat,Sathya,CUST-247,388,194.0,2018,12,4,2018-12,Bookcases
B-25896,31,-11,3,Clothing,Skirt,UPI,2018-12-05,Aman,Maharashtra,Mumbai,Aman,CUST-020,31,10.33,2018,12,4,2018-12,Skirt
B-25896,287,-66,6,Clothing,Kurti,COD,2018-12-05,Aman,Maharashtra,Mumbai,Aman,CUST-020,287,47.83,2018,12,4,2018-12,Kurti
B-25896,190,68,8,Clothing,T-shirt,Credit Card,2018-12-05,Aman,Maharashtra,Mumbai,Aman,CUST-020,190,23.75,2018,12,4,2018-12,T-shirt
B-25896,103,36,2,Clothing,Hankerchief,COD,2018-12-05,Aman,Maharashtra,Mumbai,Aman,CUST-020,103,51.5,2018,12,4,2018-12,Hankerchief
B-25896,79,-2,2,Furniture,Furnishings,EMI,2018-12-05,Aman,Maharashtra,Mumbai,Aman,CUST-020,79,39.5,2018,12,4,2018-12,Furnishings
B-25896,42,7,2,Clothing,Kurti,COD,2018-12-05,Aman,Maharashtra,Mumbai,Aman,CUST-020,42,21.0,2018,12,4,2018-12,Kurti
B-25896,23,4,2,Clothing,Skirt,COD,2018-12-05,Aman,Maharashtra,Mumbai,Aman,CUST-020,23,11.5,2018,12,4,2018-12,Skirt
B-25897,734,213,6,Electronics,Electronic Games,Credit Card,2018-12-06,Rohan,Madhya Pradesh,Indore,Rohan,CUST-228,734,122.33,2018,12,4,2018-12,Electronic Games
B-25897,24,11,5,Clothing,Hankerchief,Debit Card,2018-12-06,Rohan,Madhya Pradesh,Indore,Rohan,CUST-228,24,4.8,2018,12,4,2018-12,Hankerchief
B-25897,43,5,3,Clothing,Stole,COD,2018-12-06,Rohan,Madhya Pradesh,Indore,Rohan,CUST-228,43,14.33,2018,12,4,2018-12,Stole
B-25897,33,10,3,Clothing,Hankerchief,COD,2018-12-06,Rohan,Madhya Pradesh,Indore,Rohan,CUST-228,33,11.0,2018,12,4,2018-12,Hankerchief
B-25898,857,-274,2,Furniture,Tables,COD,2018-12-07,Abhishek,Rajasthan,Udaipur,Abhishek,CUST-008,857,428.5,2018,12,4,2018-12,Tables
B-25898,33,13,3,Clothing,Leggings,UPI,2018-12-07,Abhishek,Rajasthan,Udaipur,Abhishek,CUST-008,33,11.0,2018,12,4,2018-12,Leggings
B-25898,171,2,2,Electronics,Electronic Games,COD,2018-12-07,Abhishek,Rajasthan,Udaipur,Abhishek,CUST-008,171,85.5,2018,12,4,2018-12,Electronic Games
B-25898,147,73,3,Clothing,Stole,UPI,2018-12-07,Abhishek,Rajasthan,Udaipur,Abhishek,CUST-008,147,49.0,2018,12,4,2018-12,Stole
B-25898,53,5,3,Clothing,T-shirt,COD,2018-12-07,Abhishek,Rajasthan,Udaipur,Abhishek,CUST-008,53,17.67,2018,12,4,2018-12,T-shirt
B-25898,499,33,4,Clothing,Saree,COD,2018-12-07,Abhishek,Rajasthan,Udaipur,Abhishek,CUST-008,499,124.75,2018,12,4,2018-12,Saree
B-25898,191,93,4,Clothing,Shirt,UPI,2018-12-07,Abhishek,Rajasthan,Udaipur,Abhishek,CUST-008,191,47.75,2018,12,4,2018-12,Shirt
B-25898,915,-99,3,Furniture,Tables,Debit Card,2018-12-07,Abhishek,Rajasthan,Udaipur,Abhishek,CUST-008,915,305.0,2018,12,4,2018-12,Tables
B-25899,22,9,2,Clothing,Leggings,Debit Card,2018-12-08,Aishwarya,Uttar Pradesh,Prayagraj,Aishwarya,CUST-012,22,11.0,2018,12,4,2018-12,Leggings
B-25899,43,17,1,Clothing,Saree,COD,2018-12-08,Aishwarya,Uttar Pradesh,Prayagraj,Aishwarya,CUST-012,43,43.0,2018,12,4,2018-12,Saree
B-25899,28,6,4,Clothing,Skirt,COD,2018-12-08,Aishwarya,Uttar Pradesh,Prayagraj,Aishwarya,CUST-012,28,7.0,2018,12,4,2018-12,Skirt
B-25899,846,9,2,Furniture,Chairs,Debit Card,2018-12-08,Aishwarya,Uttar Pradesh,Prayagraj,Aishwarya,CUST-012,846,423.0,2018,12,4,2018-12,Chairs
B-25900,15,2,1,Clothing,Leggings,Debit Card,2018-12-09,Anand,Punjab,Amritsar,Anand,CUST-027,15,15.0,2018,12,4,2018-12,Leggings
B-25900,210,62,2,Electronics,Phones,COD,2018-12-09,Anand,Punjab,Amritsar,Anand,CUST-027,210,105.0,2018,12,4,2018-12,Phones
B-25900,140,68,5,Clothing,T-shirt,COD,2018-12-09,Anand,Punjab,Amritsar,Anand,CUST-027,140,28.0,2018,12,4,2018-12,T-shirt
B-25901,159,2,3,Furniture,Furnishings,EMI,2018-12-10,Suraj,Gujarat,Surat,Suraj,CUST-301,159,53.0,2018,12,4,2018-12,Furnishings
B-25901,90,27,2,Clothing,T-shirt,COD,2018-12-10,Suraj,Gujarat,Surat,Suraj,CUST-301,90,45.0,2018,12,4,2018-12,T-shirt
B-25901,61,28,2,Clothing,Hankerchief,UPI,2018-12-10,Suraj,Gujarat,Surat,Suraj,CUST-301,61,30.5,2018,12,4,2018-12,Hankerchief
B-25901,158,38,3,Clothing,Hankerchief,UPI,2018-12-10,Suraj,Gujarat,Surat,Suraj,CUST-301,158,52.67,2018,12,4,2018-12,Hankerchief
B-25902,268,6,2,Furniture,Bookcases,UPI,2018-12-10,Ishpreet,Maharashtra,Mumbai,Ishpreet,CUST-114,268,134.0,2018,12,4,2018-12,Bookcases
B-25902,79,6,7,Clothing,Saree,COD,2018-12-10,Ishpreet,Maharashtra,Mumbai,Ishpreet,CUST-114,79,11.29,2018,12,4,2018-12,Saree
B-25902,154,26,4,Electronics,Accessories,COD,2018-12-10,Ishpreet,Maharashtra,Mumbai,Ishpreet,CUST-114,154,38.5,2018,12,4,2018-12,Accessories
B-25902,1700,85,3,Clothing,Trousers,COD,2018-12-10,Ishpreet,Maharashtra,Mumbai,Ishpreet,CUST-114,1700,566.67,2018,12,4,2018-12,Trousers
B-25902,802,120,7,Electronics,Accessories,COD,2018-12-10,Ishpreet,Maharashtra,Mumbai,Ishpreet,CUST-114,802,114.57,2018,12,4,2018-12,Accessories
B-25903,19,8,2,Clothing,Hankerchief,Debit Card,2018-12-10,Amlan,Madhya Pradesh,Indore,Amlan,CUST-024,19,9.5,2018,12,4,2018-12,Hankerchief
B-25903,25,11,3,Clothing,Leggings,Debit Card,2018-12-10,Amlan,Madhya Pradesh,Indore,Amlan,CUST-024,25,8.33,2018,12,4,2018-12,Leggings
B-25903,455,77,8,Electronics,Accessories,COD,2018-12-10,Amlan,Madhya Pradesh,Indore,Amlan,CUST-024,455,56.88,2018,12,4,2018-12,Accessories
B-25903,336,57,2,Electronics,Phones,COD,2018-12-10,Amlan,Madhya Pradesh,Indore,Amlan,CUST-024,336,168.0,2018,12,4,2018-12,Phones
B-25903,37,17,3,Clothing,Hankerchief,Debit Card,2018-12-10,Amlan,Madhya Pradesh,Indore,Amlan,CUST-024,37,12.33,2018,12,4,2018-12,Hankerchief
B-25903,74,33,2,Clothing,Shirt,Debit Card,2018-12-10,Amlan,Madhya Pradesh,Indore,Amlan,CUST-024,74,37.0,2018,12,4,2018-12,Shirt
B-25903,60,-10,2,Furniture,Furnishings,COD,2018-12-10,Amlan,Madhya Pradesh,Indore,Amlan,CUST-024,60,30.0,2018,12,4,2018-12,Furnishings
B-25903,204,-94,4,Clothing,Hankerchief,EMI,2018-12-10,Amlan,Madhya Pradesh,Indore,Amlan,CUST-024,204,51.0,2018,12,4,2018-12,Hankerchief
B-25904,83,12,2,Furniture,Chairs,COD,2018-12-10,Swapnil,Delhi,Delhi,Swapnil,CUST-303,83,41.5,2018,12,4,2018-12,Chairs
B-25904,871,131,2,Furniture,Bookcases,UPI,2018-12-10,Swapnil,Delhi,Delhi,Swapnil,CUST-303,871,435.5,2018,12,4,2018-12,Bookcases
B-25905,152,50,6,Clothing,Stole,UPI,2018-12-11,Bhargav,Delhi,Delhi,Bhargav,CUST-065,152,25.33,2018,12,4,2018-12,Stole
B-25906,78,27,3,Clothing,Stole,COD,2018-12-11,Abhijit,Delhi,Delhi,Abhijit,CUST-007,78,26.0,2018,12,4,2018-12,Stole
B-25907,30,11,5,Clothing,Hankerchief,COD,2018-12-11,Jaydeep,Madhya Pradesh,Bhopal,Jaydeep,CUST-119,30,6.0,2018,12,4,2018-12,Hankerchief
B-25908,179,-25,5,Clothing,Kurti,COD,2018-12-12,Pradeep,Delhi,Delhi,Pradeep,CUST-207,179,35.8,2018,12,4,2018-12,Kurti
B-25909,1622,-448,3,Electronics,Phones,EMI,2018-12-13,Sujay,Maharashtra,Pune,Sujay,CUST-294,1622,540.67,2018,12,4,2018-12,Phones
B-25909,108,22,3,Electronics,Accessories,COD,2018-12-13,Sujay,Maharashtra,Pune,Sujay,CUST-294,108,36.0,2018,12,4,2018-12,Accessories
B-25909,323,122,5,Electronics,Phones,UPI,2018-12-13,Sujay,Maharashtra,Pune,Sujay,CUST-294,323,64.6,2018,12,4,2018-12,Phones
B-25909,168,56,3,Clothing,Saree,COD,2018-12-13,Sujay,Maharashtra,Pune,Sujay,CUST-294,168,56.0,2018,12,4,2018-12,Saree
B-25909,12,2,2,Clothing,Skirt,Credit Card,2018-12-13,Sujay,Maharashtra,Pune,Sujay,CUST-294,12,6.0,2018,12,4,2018-12,Skirt
B-25910,1622,-624,5,Furniture,Tables,Credit Card,2018-12-14,Jay,Delhi,Delhi,Jay,CUST-117,1622,324.4,2018,12,4,2018-12,Tables
B-25910,259,47,5,Clothing,Hankerchief,Credit Card,2018-12-14,Jay,Delhi,Delhi,Jay,CUST-117,259,51.8,2018,12,4,2018-12,Hankerchief
B-25910,685,7,7,Clothing,Trousers,UPI,2018-12-14,Jay,Delhi,Delhi,Jay,CUST-117,685,97.86,2018,12,4,2018-12,Trousers
B-25910,125,15,5,Clothing,Shirt,EMI,2018-12-14,Jay,Delhi,Delhi,Jay,CUST-117,125,25.0,2018,12,4,2018-12,Shirt
B-25910,33,1,2,Clothing,Shirt,COD,2018-12-14,Jay,Delhi,Delhi,Jay,CUST-117,33,16.5,2018,12,4,2018-12,Shirt
B-25910,850,-289,5,Electronics,Electronic Games,COD,2018-12-14,Jay,Delhi,Delhi,Jay,CUST-117,850,170.0,2018,12,4,2018-12,Electronic Games
B-25911,40,15,1,Clothing,Kurti,COD,2018-12-15,Phalguni,Madhya Pradesh,Bhopal,Phalguni,CUST-201,40,40.0,2018,12,4,2018-12,Kurti
B-25912,102,11,6,Clothing,T-shirt,COD,2018-12-16,Preksha,Delhi,Delhi,Preksha,CUST-215,102,17.0,2018,12,4,2018-12,T-shirt
B-25913,103,21,7,Clothing,Stole,UPI,2018-12-17,Geetanjali,Delhi,Delhi,Geetanjali,CUST-097,103,14.71,2018,12,4,2018-12,Stole
B-25914,125,22,3,Clothing,Stole,EMI,2018-12-18,Kajal,Delhi,Delhi,Kajal,CUST-124,125,41.67,2018,12,4,2018-12,Stole
B-25914,460,-143,3,Furniture,Chairs,Debit Card,2018-12-18,Kajal,Delhi,Delhi,Kajal,CUST-124,460,153.33,2018,12,4,2018-12,Chairs
B-25915,277,3,1,Electronics,Electronic Games,COD,2018-12-19,Sukruta,Punjab,Amritsar,Sukruta,CUST-297,277,277.0,2018,12,4,2018-12,Electronic Games
B-25916,80,-26,9,Clothing,Skirt,EMI,2018-12-20,Utkarsh,Gujarat,Surat,Utkarsh,CUST-318,80,8.89,2018,12,4,2018-12,Skirt
B-25917,100,12,2,Clothing,T-shirt,UPI,2018-12-21,Sanjay,Maharashtra,Mumbai,Sanjay,CUST-241,100,50.0,2018,12,4,2018-12,T-shirt
B-25918,244,-122,5,Furniture,Furnishings,COD,2018-12-22,Karandeep,Madhya Pradesh,Indore,Karandeep,CUST-127,244,48.8,2018,12,4,2018-12,Furnishings
B-25919,110,12,7,Clothing,Stole,Debit Card,2018-12-23,Neha,Rajasthan,Udaipur,Neha,CUST-176,110,15.71,2018,12,4,2018-12,Stole
B-25919,1599,37,6,Electronics,Electronic Games,UPI,2018-12-23,Neha,Rajasthan,Udaipur,Neha,CUST-176,1599,266.5,2018,12,4,2018-12,Electronic Games
B-25919,28,4,1,Clothing,T-shirt,COD,2018-12-23,Neha,Rajasthan,Udaipur,Neha,CUST-176,28,28.0,2018,12,4,2018-12,T-shirt
B-25919,636,-204,2,Electronics,Printers,Debit Card,2018-12-23,Neha,Rajasthan,Udaipur,Neha,CUST-176,636,318.0,2018,12,4,2018-12,Printers
B-25919,977,-244,7,Electronics,Phones,COD,2018-12-23,Neha,Rajasthan,Udaipur,Neha,CUST-176,977,139.57,2018,12,4,2018-12,Phones
B-25920,100,7,2,Clothing,T-shirt,UPI,2018-12-24,Jayanti,Uttar Pradesh,Prayagraj,Jayanti,CUST-118,100,50.0,2018,12,4,2018-12,T-shirt
B-25921,84,-42,2,Electronics,Accessories,COD,2018-12-25,Sandra,Punjab,Amritsar,Sandra,CUST-239,84,42.0,2018,12,4,2018-12,Accessories
B-25921,170,19,5,Clothing,T-shirt,UPI,2018-12-25,Sandra,Punjab,Amritsar,Sandra,CUST-239,170,34.0,2018,12,4,2018-12,T-shirt
B-25921,71,-44,5,Electronics,Accessories,UPI,2018-12-25,Sandra,Punjab,Amritsar,Sandra,CUST-239,71,14.2,2018,12,4,2018-12,Accessories
B-25922,52,18,2,Clothing,Stole,COD,2018-12-26,Akshata,Gujarat,Surat,Akshata,CUST-018,52,26.0,2018,12,4,2018-12,Stole
B-25923,3873,-891,6,Electronics,Phones,Credit Card,2018-12-27,Gopal,Maharashtra,Mumbai,Gopal,CUST-100,3873,645.5,2018,12,4,2018-12,Phones
B-25923,253,-11,1,Clothing,Trousers,Debit Card,2018-12-27,Gopal,Maharashtra,Mumbai,Gopal,CUST-100,253,253.0,2018,12,4,2018-12,Trousers
B-25923,226,58,3,Electronics,Accessories,COD,2018-12-27,Gopal,Maharashtra,Mumbai,Gopal,CUST-100,226,75.33,2018,12,4,2018-12,Accessories
B-25923,484,28,3,Electronics,Printers,Debit Card,2018-12-27,Gopal,Maharashtra,Mumbai,Gopal,CUST-100,484,161.33,2018,12,4,2018-12,Printers
B-25924,148,54,2,Furniture,Chairs,UPI,2018-12-28,Prajakta,Karnataka,Bangalore,Prajakta,CUST-208,148,74.0,2018,12,4,2018-12,Chairs
B-25925,27,12,1,Clothing,Stole,Debit Card,2018-12-29,Shruti,Maharashtra,Mumbai,Shruti,CUST-270,27,27.0,2018,12,4,2018-12,Stole
B-25925,314,-41,3,Electronics,Electronic Games,Credit Card,2018-12-29,Shruti,Maharashtra,Mumbai,Shruti,CUST-270,314,104.67,2018,12,4,2018-12,Electronic Games
B-25925,1228,14,3,Furniture,Chairs,UPI,2018-12-29,Shruti,Maharashtra,Mumbai,Shruti,CUST-270,1228,409.33,2018,12,4,2018-12,Chairs
B-25926,57,6,5,Clothing,Leggings,Debit Card,2018-12-30,Dipali,Madhya Pradesh,Indore,Dipali,CUST-086,57,11.4,2018,12,4,2018-12,Leggings
B-25927,200,7,4,Electronics,Electronic Games,Credit Card,2018-12-31,Shreya,Uttar Pradesh,Lucknow,Shreya,CUST-266,200,50.0,2018,12,4,2018-12,Electronic Games
